path,original_word,speaker_id,split,frames,sample_rate,channels,duration_seconds,bytes,rms,target_status
three/a8f45bdc_nohash_0.wav,three,a8f45bdc,training,16000,16000,1,1.0,32044,0.06239824369549751,unknown candidate
bed/9b027ecf_nohash_1.wav,bed,9b027ecf,training,16000,16000,1,1.0,32044,0.022088738158345222,unknown candidate
one/fb9d6d23_nohash_0.wav,one,fb9d6d23,training,16000,16000,1,1.0,32044,0.1098175197839737,unknown candidate
bed/18c54a68_nohash_2.wav,bed,18c54a68,training,16000,16000,1,1.0,32044,0.02195858396589756,unknown candidate
off/413997c1_nohash_1.wav,off,413997c1,training,16000,16000,1,1.0,32044,0.08338898420333862,target command
on/2bfe70ef_nohash_1.wav,on,2bfe70ef,training,16000,16000,1,1.0,32044,0.02859833650290966,target command
down/da584bc0_nohash_3.wav,down,da584bc0,training,16000,16000,1,1.0,32044,0.07042859494686127,target command
yes/eb3f7d82_nohash_4.wav,yes,eb3f7d82,training,16000,16000,1,1.0,32044,0.0388987772166729,target command
bed/2aec99ec_nohash_0.wav,bed,2aec99ec,training,16000,16000,1,1.0,32044,0.0272439606487751,unknown candidate
three/3c257192_nohash_0.wav,three,3c257192,training,16000,16000,1,1.0,32044,0.09740188717842102,unknown candidate
up/815f0f03_nohash_0.wav,up,815f0f03,training,16000,16000,1,1.0,32044,0.008038084022700787,target command
sheila/aac5b7c1_nohash_0.wav,sheila,aac5b7c1,training,16000,16000,1,1.0,32044,0.047273412346839905,unknown candidate
no/5c8af87a_nohash_1.wav,no,5c8af87a,testing,16000,16000,1,1.0,32044,0.014243880286812782,target command
sheila/71f9bba8_nohash_0.wav,sheila,71f9bba8,training,16000,16000,1,1.0,32044,0.12400119006633759,unknown candidate
nine/1e4064b8_nohash_0.wav,nine,1e4064b8,training,10403,16000,1,0.6501875,20850,0.20888115465641022,unknown candidate
three/ce7a8e92_nohash_1.wav,three,ce7a8e92,training,16000,16000,1,1.0,32044,0.007550127804279327,unknown candidate
on/bd061bef_nohash_1.wav,on,bd061bef,training,16000,16000,1,1.0,32044,0.0015303761465474963,target command
wow/bd11c654_nohash_0.wav,wow,bd11c654,training,16000,16000,1,1.0,32044,0.07909466326236725,unknown candidate
zero/6078eb0d_nohash_0.wav,zero,6078eb0d,training,15702,16000,1,0.981375,31448,0.03932935371994972,unknown candidate
five/b8872c20_nohash_0.wav,five,b8872c20,training,16000,16000,1,1.0,32044,0.14205114543437958,unknown candidate
bird/c661be6e_nohash_0.wav,bird,c661be6e,training,16000,16000,1,1.0,32044,0.11959371715784073,unknown candidate
three/3bc21161_nohash_0.wav,three,3bc21161,training,16000,16000,1,1.0,32044,0.01767914928495884,unknown candidate
on/0cd323ec_nohash_1.wav,on,0cd323ec,training,16000,16000,1,1.0,32044,0.042390238493680954,target command
tree/0362539c_nohash_3.wav,tree,0362539c,training,12971,16000,1,0.8106875,25986,0.04034050554037094,unknown candidate
dog/59b98a22_nohash_0.wav,dog,59b98a22,training,12971,16000,1,0.8106875,25986,0.0508992075920105,unknown candidate
down/89ed36ab_nohash_2.wav,down,89ed36ab,training,14336,16000,1,0.896,28716,0.0768687054514885,target command
go/be7a5b2d_nohash_1.wav,go,be7a5b2d,training,16000,16000,1,1.0,32044,0.07953870296478271,target command
marvin/1816b768_nohash_0.wav,marvin,1816b768,validation,16000,16000,1,1.0,32044,0.02112532965838909,unknown candidate
up/b7669804_nohash_0.wav,up,b7669804,training,16000,16000,1,1.0,32044,0.0051432508043944836,target command
dog/78622c2b_nohash_0.wav,dog,78622c2b,training,16000,16000,1,1.0,32044,0.12780643999576569,unknown candidate
go/471a0925_nohash_1.wav,go,471a0925,validation,16000,16000,1,1.0,32044,0.10691431164741516,target command
left/5744b6a7_nohash_0.wav,left,5744b6a7,testing,16000,16000,1,1.0,32044,0.02169918082654476,target command
four/789e4ee7_nohash_3.wav,four,789e4ee7,training,16000,16000,1,1.0,32044,0.07616300135850906,unknown candidate
nine/fbf3dd31_nohash_0.wav,nine,fbf3dd31,training,16000,16000,1,1.0,32044,0.09689495712518692,unknown candidate
dog/1aed7c6d_nohash_2.wav,dog,1aed7c6d,validation,16000,16000,1,1.0,32044,0.0716937929391861,unknown candidate
six/692a88e6_nohash_3.wav,six,692a88e6,testing,16000,16000,1,1.0,32044,0.08036136627197266,unknown candidate
go/8fce59ff_nohash_0.wav,go,8fce59ff,training,16000,16000,1,1.0,32044,0.08359883725643158,target command
seven/784e281a_nohash_0.wav,seven,784e281a,training,16000,16000,1,1.0,32044,0.03584740683436394,unknown candidate
zero/1a892463_nohash_0.wav,zero,1a892463,training,16000,16000,1,1.0,32044,0.025816218927502632,unknown candidate
right/85834399_nohash_0.wav,right,85834399,testing,16000,16000,1,1.0,32044,0.011582449078559875,target command
three/28ce0c58_nohash_3.wav,three,28ce0c58,training,16000,16000,1,1.0,32044,0.03233986720442772,unknown candidate
seven/cd85758f_nohash_0.wav,seven,cd85758f,testing,16000,16000,1,1.0,32044,0.04194314032793045,unknown candidate
up/016e2c6d_nohash_0.wav,up,016e2c6d,training,16000,16000,1,1.0,32044,0.01661764644086361,target command
two/32a19ecf_nohash_0.wav,two,32a19ecf,training,16000,16000,1,1.0,32044,0.0016962873050943017,unknown candidate
wow/19f9c115_nohash_0.wav,wow,19f9c115,training,16000,16000,1,1.0,32044,0.09112972021102905,unknown candidate
happy/f5c3de1b_nohash_0.wav,happy,f5c3de1b,training,16000,16000,1,1.0,32044,0.386001855134964,unknown candidate
bird/7bae88ed_nohash_0.wav,bird,7bae88ed,testing,16000,16000,1,1.0,32044,0.08634870499372482,unknown candidate
stop/333784b7_nohash_3.wav,stop,333784b7,training,16000,16000,1,1.0,32044,0.06485322117805481,target command
eight/364f979f_nohash_1.wav,eight,364f979f,training,16000,16000,1,1.0,32044,0.034872740507125854,unknown candidate
down/65d14087_nohash_1.wav,down,65d14087,training,16000,16000,1,1.0,32044,0.01873861998319626,target command
bird/13d7b8c9_nohash_0.wav,bird,13d7b8c9,training,16000,16000,1,1.0,32044,0.12399640679359436,unknown candidate
no/e5dadd24_nohash_0.wav,no,e5dadd24,training,16000,16000,1,1.0,32044,0.012574312277138233,target command
off/122c5aa7_nohash_1.wav,off,122c5aa7,training,16000,16000,1,1.0,32044,0.028336264193058014,target command
one/d750966e_nohash_0.wav,one,d750966e,training,16000,16000,1,1.0,32044,0.00657678721472621,unknown candidate
six/a8e25ebb_nohash_1.wav,six,a8e25ebb,testing,16000,16000,1,1.0,32044,0.011216621845960617,unknown candidate
sheila/3ab9ba07_nohash_1.wav,sheila,3ab9ba07,training,16000,16000,1,1.0,32044,0.028967252001166344,unknown candidate
tree/2cf28b70_nohash_0.wav,tree,2cf28b70,training,16000,16000,1,1.0,32044,0.138902485370636,unknown candidate
sheila/78102205_nohash_1.wav,sheila,78102205,training,16000,16000,1,1.0,32044,0.027326224371790886,unknown candidate
no/02746d24_nohash_0.wav,no,02746d24,training,16000,16000,1,1.0,32044,0.028604207560420036,target command
on/d37e4bf1_nohash_0.wav,on,d37e4bf1,training,16000,16000,1,1.0,32044,0.0215351190418005,target command
zero/ced835d3_nohash_2.wav,zero,ced835d3,training,16000,16000,1,1.0,32044,0.0002640009915921837,unknown candidate
seven/f19c1390_nohash_3.wav,seven,f19c1390,training,16000,16000,1,1.0,32044,0.06791500002145767,unknown candidate
go/85834399_nohash_1.wav,go,85834399,testing,16000,16000,1,1.0,32044,0.009512674994766712,target command
right/24befdb3_nohash_4.wav,right,24befdb3,training,16000,16000,1,1.0,32044,0.13450470566749573,target command
no/338dacf5_nohash_0.wav,no,338dacf5,training,16000,16000,1,1.0,32044,0.02114303782582283,target command
dog/d1214f15_nohash_0.wav,dog,d1214f15,training,16000,16000,1,1.0,32044,0.027887899428606033,unknown candidate
wow/ab5ae445_nohash_0.wav,wow,ab5ae445,training,16000,16000,1,1.0,32044,0.03581772744655609,unknown candidate
two/5236848b_nohash_1.wav,two,5236848b,training,12971,16000,1,0.8106875,25986,0.07327990233898163,unknown candidate
zero/b7a0754f_nohash_2.wav,zero,b7a0754f,training,16000,16000,1,1.0,32044,0.11937849968671799,unknown candidate
on/28ce0c58_nohash_2.wav,on,28ce0c58,training,16000,16000,1,1.0,32044,0.06358577311038971,target command
one/caf1803e_nohash_1.wav,one,caf1803e,training,16000,16000,1,1.0,32044,0.09595910459756851,unknown candidate
one/a108341b_nohash_2.wav,one,a108341b,training,16000,16000,1,1.0,32044,0.062406476587057114,unknown candidate
yes/c634a189_nohash_1.wav,yes,c634a189,training,16000,16000,1,1.0,32044,0.1283094882965088,target command
right/28ce0c58_nohash_2.wav,right,28ce0c58,training,16000,16000,1,1.0,32044,0.06733386218547821,target command
cat/19f9c115_nohash_0.wav,cat,19f9c115,training,15702,16000,1,0.981375,31448,0.03925387188792229,unknown candidate
two/dc7ec25b_nohash_0.wav,two,dc7ec25b,training,15604,16000,1,0.97525,31252,0.03943600133061409,unknown candidate
sheila/e8d562ca_nohash_0.wav,sheila,e8d562ca,training,16000,16000,1,1.0,32044,0.07323755323886871,unknown candidate
on/f17be97f_nohash_4.wav,on,f17be97f,validation,16000,16000,1,1.0,32044,0.025529293343424797,target command
four/f2ec8bdc_nohash_0.wav,four,f2ec8bdc,training,16000,16000,1,1.0,32044,0.21282505989074707,unknown candidate
three/1c3f50ad_nohash_1.wav,three,1c3f50ad,training,16000,16000,1,1.0,32044,0.06095864996314049,unknown candidate
bed/e5d2e09d_nohash_0.wav,bed,e5d2e09d,training,16000,16000,1,1.0,32044,0.08647981286048889,unknown candidate
off/772db621_nohash_0.wav,off,772db621,training,14118,16000,1,0.882375,28280,0.013925564475357533,target command
five/eb3f7d82_nohash_0.wav,five,eb3f7d82,training,16000,16000,1,1.0,32044,0.040319301187992096,unknown candidate
stop/c661be6e_nohash_2.wav,stop,c661be6e,training,16000,16000,1,1.0,32044,0.11795216798782349,target command
on/9aa21fa9_nohash_4.wav,on,9aa21fa9,training,16000,16000,1,1.0,32044,0.08617375791072845,target command
nine/3efa7ec4_nohash_1.wav,nine,3efa7ec4,training,16000,16000,1,1.0,32044,0.07708881795406342,unknown candidate
two/c634a189_nohash_0.wav,two,c634a189,training,16000,16000,1,1.0,32044,0.12866130471229553,unknown candidate
wow/42ccb57a_nohash_1.wav,wow,42ccb57a,training,16000,16000,1,1.0,32044,0.04799212887883186,unknown candidate
zero/6adb8ad9_nohash_1.wav,zero,6adb8ad9,training,16000,16000,1,1.0,32044,0.015567994676530361,unknown candidate
seven/f852895b_nohash_3.wav,seven,f852895b,training,16000,16000,1,1.0,32044,0.07621858268976212,unknown candidate
stop/2da58b32_nohash_3.wav,stop,2da58b32,training,16000,16000,1,1.0,32044,0.049970850348472595,target command
two/a827e3a1_nohash_0.wav,two,a827e3a1,training,16000,16000,1,1.0,32044,0.09375087171792984,unknown candidate
bed/7b2e879e_nohash_0.wav,bed,7b2e879e,training,16000,16000,1,1.0,32044,0.023045949637889862,unknown candidate
on/3aa6f4e2_nohash_0.wav,on,3aa6f4e2,validation,16000,16000,1,1.0,32044,0.053092751652002335,target command
sheila/d4d898d7_nohash_0.wav,sheila,d4d898d7,training,16000,16000,1,1.0,32044,0.04140384495258331,unknown candidate
wow/1625acd8_nohash_0.wav,wow,1625acd8,training,16000,16000,1,1.0,32044,0.022572340443730354,unknown candidate
five/df1d5024_nohash_4.wav,five,df1d5024,training,16000,16000,1,1.0,32044,0.01946764811873436,unknown candidate
sheila/f953e1af_nohash_0.wav,sheila,f953e1af,training,16000,16000,1,1.0,32044,0.02621636353433132,unknown candidate
dog/e91d173e_nohash_0.wav,dog,e91d173e,training,14118,16000,1,0.882375,28280,0.09105730056762695,unknown candidate
tree/dabd70c2_nohash_1.wav,tree,dabd70c2,training,16000,16000,1,1.0,32044,0.02454575151205063,unknown candidate
yes/1538beb7_nohash_0.wav,yes,1538beb7,testing,16000,16000,1,1.0,32044,0.12672965228557587,target command
on/8dd788d8_nohash_0.wav,on,8dd788d8,training,16000,16000,1,1.0,32044,0.09230351448059082,target command
on/3852fca2_nohash_0.wav,on,3852fca2,training,16000,16000,1,1.0,32044,0.03775184229016304,target command
sheila/19e98e89_nohash_0.wav,sheila,19e98e89,training,16000,16000,1,1.0,32044,0.10611380636692047,unknown candidate
bed/92e17cc4_nohash_1.wav,bed,92e17cc4,training,14118,16000,1,0.882375,28280,0.03842194750905037,unknown candidate
zero/28ce0c58_nohash_0.wav,zero,28ce0c58,training,16000,16000,1,1.0,32044,0.04072655364871025,unknown candidate
yes/e04d7130_nohash_2.wav,yes,e04d7130,training,16000,16000,1,1.0,32044,0.005975159350782633,target command
zero/ced835d3_nohash_4.wav,zero,ced835d3,training,16000,16000,1,1.0,32044,0.0003820578276645392,unknown candidate
no/c392e01d_nohash_0.wav,no,c392e01d,training,16000,16000,1,1.0,32044,0.15119661390781403,target command
go/af7a8296_nohash_0.wav,go,af7a8296,testing,16000,16000,1,1.0,32044,0.09360896050930023,target command
off/3209ec42_nohash_0.wav,off,3209ec42,training,16000,16000,1,1.0,32044,0.029650989919900894,target command
tree/c4cfbe43_nohash_0.wav,tree,c4cfbe43,validation,14861,16000,1,0.9288125,29766,0.05300082266330719,unknown candidate
five/748cb308_nohash_0.wav,five,748cb308,training,16000,16000,1,1.0,32044,0.013119560666382313,unknown candidate
nine/dbb40d24_nohash_1.wav,nine,dbb40d24,validation,16000,16000,1,1.0,32044,0.00041697031701914966,unknown candidate
zero/f0ac2522_nohash_0.wav,zero,f0ac2522,training,16000,16000,1,1.0,32044,0.026631254702806473,unknown candidate
happy/3e3b65eb_nohash_2.wav,happy,3e3b65eb,training,16000,16000,1,1.0,32044,0.012684752233326435,unknown candidate
down/b8c48ffb_nohash_1.wav,down,b8c48ffb,training,16000,16000,1,1.0,32044,0.007661296986043453,target command
left/cd85758f_nohash_4.wav,left,cd85758f,testing,16000,16000,1,1.0,32044,0.07038284093141556,target command
house/33f60c62_nohash_0.wav,house,33f60c62,training,16000,16000,1,1.0,32044,0.006280052475631237,unknown candidate
wow/ff63ab0b_nohash_1.wav,wow,ff63ab0b,training,13654,16000,1,0.853375,27352,0.04704629257321358,unknown candidate
off/99b05bcf_nohash_0.wav,off,99b05bcf,training,16000,16000,1,1.0,32044,0.019871855154633522,target command
right/89865a6f_nohash_0.wav,right,89865a6f,training,14336,16000,1,0.896,28716,0.008052067831158638,target command
on/dc7ec25b_nohash_1.wav,on,dc7ec25b,training,16000,16000,1,1.0,32044,0.04039284959435463,target command
no/49af4432_nohash_0.wav,no,49af4432,training,16000,16000,1,1.0,32044,0.13925358653068542,target command
marvin/c37a72d3_nohash_0.wav,marvin,c37a72d3,training,16000,16000,1,1.0,32044,0.0354672335088253,unknown candidate
yes/ee4a907f_nohash_0.wav,yes,ee4a907f,training,16000,16000,1,1.0,32044,0.22253623604774475,target command
tree/3a182c98_nohash_1.wav,tree,3a182c98,training,16000,16000,1,1.0,32044,0.09843814373016357,unknown candidate
cat/caa7feaf_nohash_0.wav,cat,caa7feaf,training,16000,16000,1,1.0,32044,0.07908095419406891,unknown candidate
tree/ce7a8e92_nohash_0.wav,tree,ce7a8e92,training,16000,16000,1,1.0,32044,0.00828655157238245,unknown candidate
right/f3210686_nohash_1.wav,right,f3210686,training,16000,16000,1,1.0,32044,0.006301909685134888,target command
six/3c6d55b3_nohash_2.wav,six,3c6d55b3,training,16000,16000,1,1.0,32044,0.009066596627235413,unknown candidate
six/cd7f8c1b_nohash_0.wav,six,cd7f8c1b,training,16000,16000,1,1.0,32044,0.025784607976675034,unknown candidate
one/5c39594f_nohash_3.wav,one,5c39594f,training,16000,16000,1,1.0,32044,0.07778414338827133,unknown candidate
zero/299c14b1_nohash_0.wav,zero,299c14b1,training,16000,16000,1,1.0,32044,0.00849338062107563,unknown candidate
left/7e783e3f_nohash_0.wav,left,7e783e3f,training,16000,16000,1,1.0,32044,0.030017705634236336,target command
two/fd395b74_nohash_2.wav,two,fd395b74,training,16000,16000,1,1.0,32044,0.000633986433967948,unknown candidate
on/4f5c0b28_nohash_0.wav,on,4f5c0b28,training,16000,16000,1,1.0,32044,0.04521874338388443,target command
two/6c429c7b_nohash_1.wav,two,6c429c7b,training,16000,16000,1,1.0,32044,0.08962114155292511,unknown candidate
on/5a3712c9_nohash_0.wav,on,5a3712c9,training,16000,16000,1,1.0,32044,0.042979732155799866,target command
sheila/857366dd_nohash_0.wav,sheila,857366dd,training,16000,16000,1,1.0,32044,0.14677228033542633,unknown candidate
two/b63fea9e_nohash_0.wav,two,b63fea9e,training,16000,16000,1,1.0,32044,0.022457532584667206,unknown candidate
bed/d37e4bf1_nohash_0.wav,bed,d37e4bf1,training,16000,16000,1,1.0,32044,0.011567315086722374,unknown candidate
cat/d8c314c0_nohash_1.wav,cat,d8c314c0,training,16000,16000,1,1.0,32044,0.037712447345256805,unknown candidate
one/24632875_nohash_1.wav,one,24632875,training,16000,16000,1,1.0,32044,0.04792170226573944,unknown candidate
right/070b49af_nohash_0.wav,right,070b49af,training,16000,16000,1,1.0,32044,0.02608969435095787,target command
wow/723efc4c_nohash_0.wav,wow,723efc4c,training,16000,16000,1,1.0,32044,0.017268475145101547,unknown candidate
cat/726382d6_nohash_1.wav,cat,726382d6,training,16000,16000,1,1.0,32044,0.016382435336709023,unknown candidate
seven/b15fc37d_nohash_0.wav,seven,b15fc37d,training,16000,16000,1,1.0,32044,0.016828639432787895,unknown candidate
zero/5fadb538_nohash_4.wav,zero,5fadb538,validation,16000,16000,1,1.0,32044,0.06736306101083755,unknown candidate
yes/11b1df78_nohash_0.wav,yes,11b1df78,training,16000,16000,1,1.0,32044,0.03775927051901817,target command
cat/686d030b_nohash_0.wav,cat,686d030b,training,16000,16000,1,1.0,32044,0.06812132894992828,unknown candidate
nine/214ccb20_nohash_0.wav,nine,214ccb20,training,16000,16000,1,1.0,32044,0.05696754530072212,unknown candidate
zero/c4533c47_nohash_1.wav,zero,c4533c47,training,16000,16000,1,1.0,32044,0.030452365055680275,unknown candidate
seven/bfb10243_nohash_1.wav,seven,bfb10243,training,16000,16000,1,1.0,32044,0.07871485501527786,unknown candidate
four/682e1687_nohash_2.wav,four,682e1687,training,16000,16000,1,1.0,32044,0.03766760975122452,unknown candidate
bird/1706c35f_nohash_0.wav,bird,1706c35f,training,16000,16000,1,1.0,32044,0.03520689904689789,unknown candidate
happy/6ac35824_nohash_0.wav,happy,6ac35824,training,16000,16000,1,1.0,32044,0.04682273045182228,unknown candidate
down/df038de4_nohash_0.wav,down,df038de4,training,16000,16000,1,1.0,32044,0.09480027854442596,target command
six/87eff300_nohash_0.wav,six,87eff300,training,11606,16000,1,0.725375,23256,0.03440349921584129,unknown candidate
no/063d48cf_nohash_0.wav,no,063d48cf,training,16000,16000,1,1.0,32044,0.0668669268488884,target command
marvin/62605293_nohash_2.wav,marvin,62605293,training,16000,16000,1,1.0,32044,0.01220074575394392,unknown candidate
on/fce65496_nohash_1.wav,on,fce65496,training,16000,16000,1,1.0,32044,0.014640826731920242,target command
stop/2250f5f2_nohash_0.wav,stop,2250f5f2,training,16000,16000,1,1.0,32044,0.07514549791812897,target command
zero/fd395b74_nohash_0.wav,zero,fd395b74,training,16000,16000,1,1.0,32044,0.0010745871113613248,unknown candidate
yes/21832144_nohash_4.wav,yes,21832144,training,16000,16000,1,1.0,32044,0.11139969527721405,target command
four/6f1ffef6_nohash_0.wav,four,6f1ffef6,training,16000,16000,1,1.0,32044,0.10138693451881409,unknown candidate
nine/5c39594f_nohash_0.wav,nine,5c39594f,training,16000,16000,1,1.0,32044,0.07230629771947861,unknown candidate
down/a879a2c3_nohash_0.wav,down,a879a2c3,training,16000,16000,1,1.0,32044,0.04058212414383888,target command
yes/d430b3cc_nohash_1.wav,yes,d430b3cc,training,15604,16000,1,0.97525,31252,0.00837167538702488,target command
sheila/3ec05c3d_nohash_0.wav,sheila,3ec05c3d,training,16000,16000,1,1.0,32044,0.03143683075904846,unknown candidate
two/62641b88_nohash_0.wav,two,62641b88,validation,16000,16000,1,1.0,32044,0.14433492720127106,unknown candidate
happy/2510c044_nohash_0.wav,happy,2510c044,training,16000,16000,1,1.0,32044,0.028145715594291687,unknown candidate
dog/03c96658_nohash_0.wav,dog,03c96658,training,16000,16000,1,1.0,32044,0.036601629108190536,unknown candidate
seven/87014d40_nohash_0.wav,seven,87014d40,training,16000,16000,1,1.0,32044,0.01130383089184761,unknown candidate
four/2313e093_nohash_1.wav,four,2313e093,training,9558,16000,1,0.597375,19160,0.03490539267659187,unknown candidate
one/434a267c_nohash_1.wav,one,434a267c,training,13654,16000,1,0.853375,27352,0.14214269816875458,unknown candidate
off/a518d1cf_nohash_0.wav,off,a518d1cf,training,16000,16000,1,1.0,32044,0.1612674593925476,target command
cat/6e2ef3d5_nohash_0.wav,cat,6e2ef3d5,training,16000,16000,1,1.0,32044,0.12454904615879059,unknown candidate
four/3bfd30e6_nohash_0.wav,four,3bfd30e6,training,16000,16000,1,1.0,32044,0.038039613515138626,unknown candidate
one/b6091c84_nohash_2.wav,one,b6091c84,training,16000,16000,1,1.0,32044,0.02595994807779789,unknown candidate
right/6adb8ad9_nohash_1.wav,right,6adb8ad9,training,16000,16000,1,1.0,32044,0.0195961631834507,target command
eight/8c7c9168_nohash_0.wav,eight,8c7c9168,training,16000,16000,1,1.0,32044,0.03314384073019028,unknown candidate
off/05cf43ef_nohash_1.wav,off,05cf43ef,training,16000,16000,1,1.0,32044,0.053869448602199554,target command
bed/8d5d076d_nohash_0.wav,bed,8d5d076d,training,16000,16000,1,1.0,32044,0.08900358527898788,unknown candidate
seven/f264e0df_nohash_1.wav,seven,f264e0df,testing,16000,16000,1,1.0,32044,0.03747604787349701,unknown candidate
three/8aa35b0c_nohash_0.wav,three,8aa35b0c,training,16000,16000,1,1.0,32044,0.11389973014593124,unknown candidate
three/cc6ee39b_nohash_1.wav,three,cc6ee39b,training,16000,16000,1,1.0,32044,0.014903862960636616,unknown candidate
three/c1d39ce8_nohash_4.wav,three,c1d39ce8,training,16000,16000,1,1.0,32044,0.20100778341293335,unknown candidate
on/66cff190_nohash_0.wav,on,66cff190,validation,16000,16000,1,1.0,32044,0.045838363468647,target command
four/258f4559_nohash_1.wav,four,258f4559,validation,15702,16000,1,0.981375,31448,0.062165118753910065,unknown candidate
eight/d55aa56c_nohash_0.wav,eight,d55aa56c,validation,16000,16000,1,1.0,32044,0.09023381024599075,unknown candidate
bird/5af0ca83_nohash_0.wav,bird,5af0ca83,training,16000,16000,1,1.0,32044,0.03485390916466713,unknown candidate
yes/afd53389_nohash_0.wav,yes,afd53389,training,16000,16000,1,1.0,32044,0.016849102452397346,target command
dog/90804775_nohash_0.wav,dog,90804775,validation,7510,16000,1,0.469375,15064,0.07909683138132095,unknown candidate
five/8a744054_nohash_1.wav,five,8a744054,training,16000,16000,1,1.0,32044,0.04506553336977959,unknown candidate
bird/7de97453_nohash_1.wav,bird,7de97453,training,16000,16000,1,1.0,32044,0.028342127799987793,unknown candidate
happy/99081f4d_nohash_1.wav,happy,99081f4d,training,13375,16000,1,0.8359375,26794,0.2585826516151428,unknown candidate
happy/8dc26a15_nohash_0.wav,happy,8dc26a15,training,16000,16000,1,1.0,32044,0.0315597765147686,unknown candidate
six/bdee441c_nohash_3.wav,six,bdee441c,validation,16000,16000,1,1.0,32044,0.030084699392318726,unknown candidate
yes/b959cd0c_nohash_3.wav,yes,b959cd0c,training,16000,16000,1,1.0,32044,0.0010886796517297626,target command
right/8eb4a1bf_nohash_0.wav,right,8eb4a1bf,training,16000,16000,1,1.0,32044,0.09151852130889893,target command
four/6c2dd2d5_nohash_1.wav,four,6c2dd2d5,training,16000,16000,1,1.0,32044,0.0055267419666051865,unknown candidate
zero/8f0d3c27_nohash_2.wav,zero,8f0d3c27,training,16000,16000,1,1.0,32044,0.127206489443779,unknown candidate
nine/9ff1b8b6_nohash_1.wav,nine,9ff1b8b6,training,16000,16000,1,1.0,32044,0.011281118728220463,unknown candidate
on/5ba724a7_nohash_2.wav,on,5ba724a7,training,16000,16000,1,1.0,32044,0.1045754998922348,target command
five/0135f3f2_nohash_0.wav,five,0135f3f2,training,16000,16000,1,1.0,32044,0.04342082142829895,unknown candidate
on/140a0fdc_nohash_0.wav,on,140a0fdc,training,16000,16000,1,1.0,32044,0.005265623796731234,target command
dog/2b3f509b_nohash_0.wav,dog,2b3f509b,training,16000,16000,1,1.0,32044,0.047589197754859924,unknown candidate
zero/b4aa9fef_nohash_2.wav,zero,b4aa9fef,training,16000,16000,1,1.0,32044,0.09014523029327393,unknown candidate
tree/5d9bb361_nohash_0.wav,tree,5d9bb361,training,16000,16000,1,1.0,32044,0.02262440323829651,unknown candidate
zero/f192e6b4_nohash_1.wav,zero,f192e6b4,training,16000,16000,1,1.0,32044,0.04212646186351776,unknown candidate
down/3006c271_nohash_0.wav,down,3006c271,training,15702,16000,1,0.981375,31448,0.050611402839422226,target command
down/7ea032f3_nohash_0.wav,down,7ea032f3,training,16000,16000,1,1.0,32044,0.0819343775510788,target command
bird/82305c3a_nohash_1.wav,bird,82305c3a,training,16000,16000,1,1.0,32044,0.03948134183883667,unknown candidate
off/b487da60_nohash_0.wav,off,b487da60,validation,16000,16000,1,1.0,32044,0.12705223262310028,target command
off/412c675c_nohash_0.wav,off,412c675c,testing,16000,16000,1,1.0,32044,0.03075440414249897,target command
go/68dd409e_nohash_2.wav,go,68dd409e,testing,16000,16000,1,1.0,32044,0.23448407649993896,target command
left/0474c92a_nohash_0.wav,left,0474c92a,training,16000,16000,1,1.0,32044,0.052459049969911575,target command
one/743edf9d_nohash_1.wav,one,743edf9d,training,16000,16000,1,1.0,32044,0.07169848680496216,unknown candidate
down/96a48d28_nohash_4.wav,down,96a48d28,training,16000,16000,1,1.0,32044,0.0878923311829567,target command
three/964e8cfd_nohash_4.wav,three,964e8cfd,testing,16000,16000,1,1.0,32044,0.21435117721557617,unknown candidate
off/5e033479_nohash_0.wav,off,5e033479,training,16000,16000,1,1.0,32044,0.08057159930467606,target command
seven/3ab9ba07_nohash_1.wav,seven,3ab9ba07,training,16000,16000,1,1.0,32044,0.038708314299583435,unknown candidate
wow/fad7a69a_nohash_0.wav,wow,fad7a69a,training,16000,16000,1,1.0,32044,0.14142368733882904,unknown candidate
down/4254621e_nohash_0.wav,down,4254621e,training,12288,16000,1,0.768,24620,0.024117935448884964,target command
sheila/66aa0f29_nohash_0.wav,sheila,66aa0f29,training,16000,16000,1,1.0,32044,0.005213842261582613,unknown candidate
wow/b11a05d2_nohash_0.wav,wow,b11a05d2,testing,16000,16000,1,1.0,32044,0.019210750237107277,unknown candidate
nine/02e85b60_nohash_1.wav,nine,02e85b60,training,16000,16000,1,1.0,32044,0.041176699101924896,unknown candidate
eight/54412eae_nohash_0.wav,eight,54412eae,training,15019,16000,1,0.9386875,30082,0.03871539235115051,unknown candidate
sheila/45864319_nohash_1.wav,sheila,45864319,training,16000,16000,1,1.0,32044,0.034210868179798126,unknown candidate
five/f297e878_nohash_0.wav,five,f297e878,testing,16000,16000,1,1.0,32044,0.09400712698698044,unknown candidate
go/692a88e6_nohash_0.wav,go,692a88e6,testing,16000,16000,1,1.0,32044,0.0886860266327858,target command
marvin/6f2c6f7e_nohash_0.wav,marvin,6f2c6f7e,training,16000,16000,1,1.0,32044,0.08899115771055222,unknown candidate
two/c3538de1_nohash_0.wav,two,c3538de1,training,16000,16000,1,1.0,32044,0.0036108496133238077,unknown candidate
right/6366f61a_nohash_0.wav,right,6366f61a,training,16000,16000,1,1.0,32044,0.1854945719242096,target command
dog/a6d586b7_nohash_0.wav,dog,a6d586b7,validation,16000,16000,1,1.0,32044,0.026460004970431328,unknown candidate
off/f804cbb3_nohash_0.wav,off,f804cbb3,training,16000,16000,1,1.0,32044,0.024314329028129578,target command
up/023a61ad_nohash_0.wav,up,023a61ad,training,16000,16000,1,1.0,32044,0.014615210704505444,target command
up/0ff728b5_nohash_2.wav,up,0ff728b5,training,16000,16000,1,1.0,32044,0.050706006586551666,target command
bed/bf70feda_nohash_0.wav,bed,bf70feda,training,16000,16000,1,1.0,32044,0.046321190893650055,unknown candidate
one/f8f60f59_nohash_3.wav,one,f8f60f59,training,16000,16000,1,1.0,32044,0.05054314807057381,unknown candidate
five/520b2c17_nohash_2.wav,five,520b2c17,training,16000,16000,1,1.0,32044,0.02007492631673813,unknown candidate
one/7be5a0f3_nohash_1.wav,one,7be5a0f3,validation,16000,16000,1,1.0,32044,0.03536984324455261,unknown candidate
stop/e53139ad_nohash_3.wav,stop,e53139ad,training,16000,16000,1,1.0,32044,0.0322403609752655,target command
two/9efe5140_nohash_2.wav,two,9efe5140,training,16000,16000,1,1.0,32044,0.046394601464271545,unknown candidate
up/65079685_nohash_1.wav,up,65079685,training,16000,16000,1,1.0,32044,0.002641505328938365,target command
six/8e05039f_nohash_3.wav,six,8e05039f,training,16000,16000,1,1.0,32044,0.06121571734547615,unknown candidate
four/e72aa705_nohash_0.wav,four,e72aa705,training,16000,16000,1,1.0,32044,0.03128969669342041,unknown candidate
two/30065f33_nohash_2.wav,two,30065f33,training,12630,16000,1,0.789375,25304,0.09861297905445099,unknown candidate
stop/f804cbb3_nohash_3.wav,stop,f804cbb3,training,16000,16000,1,1.0,32044,0.0139534967020154,target command
off/7dc50b88_nohash_0.wav,off,7dc50b88,training,16000,16000,1,1.0,32044,0.107057124376297,target command
yes/bbd0bbd0_nohash_0.wav,yes,bbd0bbd0,training,16000,16000,1,1.0,32044,0.06184280291199684,target command
zero/d6360b32_nohash_0.wav,zero,d6360b32,training,15702,16000,1,0.981375,31448,0.05159769952297211,unknown candidate
on/b7a0754f_nohash_2.wav,on,b7a0754f,training,16000,16000,1,1.0,32044,0.028461525216698647,target command
dog/26b28ea7_nohash_2.wav,dog,26b28ea7,testing,15702,16000,1,0.981375,31448,0.033142704516649246,unknown candidate
off/cb8f8307_nohash_3.wav,off,cb8f8307,training,16000,16000,1,1.0,32044,0.09535273164510727,target command
one/5c8af87a_nohash_4.wav,one,5c8af87a,testing,16000,16000,1,1.0,32044,0.021231891587376595,unknown candidate
yes/e4200516_nohash_2.wav,yes,e4200516,training,9660,16000,1,0.60375,19364,0.04409695044159889,target command
marvin/fd395b74_nohash_0.wav,marvin,fd395b74,training,16000,16000,1,1.0,32044,0.0005461785476654768,unknown candidate
seven/7117fb6d_nohash_0.wav,seven,7117fb6d,validation,16000,16000,1,1.0,32044,0.020849166437983513,unknown candidate
up/e72aa705_nohash_0.wav,up,e72aa705,training,16000,16000,1,1.0,32044,0.023454871028661728,target command
tree/7bf801d1_nohash_0.wav,tree,7bf801d1,training,16000,16000,1,1.0,32044,0.0703643187880516,unknown candidate
zero/2579e514_nohash_0.wav,zero,2579e514,training,15019,16000,1,0.9386875,30082,0.05890515819191933,unknown candidate
no/af405b69_nohash_2.wav,no,af405b69,testing,16000,16000,1,1.0,32044,0.03456000238656998,target command
three/324210dd_nohash_1.wav,three,324210dd,training,16000,16000,1,1.0,32044,0.16091856360435486,unknown candidate
four/060cd039_nohash_1.wav,four,060cd039,validation,16000,16000,1,1.0,32044,0.02566865086555481,unknown candidate
zero/86402da1_nohash_0.wav,zero,86402da1,validation,16000,16000,1,1.0,32044,0.026119889691472054,unknown candidate
bird/10ace7eb_nohash_0.wav,bird,10ace7eb,training,16000,16000,1,1.0,32044,0.03040350414812565,unknown candidate
no/8a5acefd_nohash_0.wav,no,8a5acefd,validation,16000,16000,1,1.0,32044,0.031157871708273888,target command
on/d7467392_nohash_0.wav,on,d7467392,testing,10923,16000,1,0.6826875,21890,0.03013988770544529,target command
off/95218ce8_nohash_0.wav,off,95218ce8,training,16000,16000,1,1.0,32044,0.12187428027391434,target command
left/31267b59_nohash_0.wav,left,31267b59,training,16000,16000,1,1.0,32044,0.07410874217748642,target command
zero/569455ff_nohash_1.wav,zero,569455ff,training,16000,16000,1,1.0,32044,0.008926142007112503,unknown candidate
bed/dca2797e_nohash_0.wav,bed,dca2797e,validation,16000,16000,1,1.0,32044,0.03382891044020653,unknown candidate
bird/e98cb283_nohash_0.wav,bird,e98cb283,training,14861,16000,1,0.9288125,29766,0.09729597717523575,unknown candidate
house/94e6864f_nohash_1.wav,house,94e6864f,training,16000,16000,1,1.0,32044,0.02637665346264839,unknown candidate
go/5be23def_nohash_0.wav,go,5be23def,training,16000,16000,1,1.0,32044,0.08075730502605438,target command
wow/0d53e045_nohash_0.wav,wow,0d53e045,testing,16000,16000,1,1.0,32044,0.06090332195162773,unknown candidate
wow/b00c4c53_nohash_3.wav,wow,b00c4c53,training,16000,16000,1,1.0,32044,0.13864673674106598,unknown candidate
tree/f84762e5_nohash_0.wav,tree,f84762e5,validation,16000,16000,1,1.0,32044,0.10137016326189041,unknown candidate
bird/26e9ae6b_nohash_0.wav,bird,26e9ae6b,training,15019,16000,1,0.9386875,30082,0.0019199397647753358,unknown candidate
on/a8f45bdc_nohash_0.wav,on,a8f45bdc,training,16000,16000,1,1.0,32044,0.08940877765417099,target command
four/ed0965eb_nohash_0.wav,four,ed0965eb,training,16000,16000,1,1.0,32044,0.19632112979888916,unknown candidate
nine/35d1b6ee_nohash_3.wav,nine,35d1b6ee,training,16000,16000,1,1.0,32044,0.08998233824968338,unknown candidate
seven/df1d5024_nohash_1.wav,seven,df1d5024,training,16000,16000,1,1.0,32044,0.013426241464912891,unknown candidate
stop/2bd2cad5_nohash_0.wav,stop,2bd2cad5,training,13375,16000,1,0.8359375,26794,0.046712398529052734,target command
on/763188c4_nohash_1.wav,on,763188c4,training,16000,16000,1,1.0,32044,0.07942832261323929,target command
tree/d0426d63_nohash_0.wav,tree,d0426d63,training,16000,16000,1,1.0,32044,0.010758119635283947,unknown candidate
seven/71904de3_nohash_0.wav,seven,71904de3,training,16000,16000,1,1.0,32044,0.05647489055991173,unknown candidate
no/8281a2a8_nohash_4.wav,no,8281a2a8,training,16000,16000,1,1.0,32044,0.13190436363220215,target command
two/84d1e469_nohash_0.wav,two,84d1e469,testing,16000,16000,1,1.0,32044,0.028838925063610077,unknown candidate
zero/32efce64_nohash_0.wav,zero,32efce64,training,16000,16000,1,1.0,32044,0.07739467918872833,unknown candidate
left/cd85758f_nohash_2.wav,left,cd85758f,testing,16000,16000,1,1.0,32044,0.009823880158364773,target command
sheila/5b1db3ee_nohash_0.wav,sheila,5b1db3ee,testing,16000,16000,1,1.0,32044,0.02306421846151352,unknown candidate
two/611d2b50_nohash_0.wav,two,611d2b50,training,16000,16000,1,1.0,32044,0.014777998439967632,unknown candidate
marvin/0ac15fe9_nohash_0.wav,marvin,0ac15fe9,training,16000,16000,1,1.0,32044,0.1904188096523285,unknown candidate
zero/6c2dd2d5_nohash_0.wav,zero,6c2dd2d5,training,16000,16000,1,1.0,32044,0.001128367381170392,unknown candidate
nine/13199b79_nohash_1.wav,nine,13199b79,training,16000,16000,1,1.0,32044,0.0203231368213892,unknown candidate
six/964e8cfd_nohash_1.wav,six,964e8cfd,testing,16000,16000,1,1.0,32044,0.06819821149110794,unknown candidate
wow/2dcb6848_nohash_0.wav,wow,2dcb6848,training,16000,16000,1,1.0,32044,0.02048516646027565,unknown candidate
seven/c6a23ff5_nohash_0.wav,seven,c6a23ff5,training,16000,16000,1,1.0,32044,0.019456282258033752,unknown candidate
wow/af7a8296_nohash_0.wav,wow,af7a8296,testing,16000,16000,1,1.0,32044,0.05479627102613449,unknown candidate
up/16db1582_nohash_0.wav,up,16db1582,validation,16000,16000,1,1.0,32044,0.019409505650401115,target command
zero/29fb33da_nohash_4.wav,zero,29fb33da,training,16000,16000,1,1.0,32044,0.07315012067556381,unknown candidate
one/3ae5c04f_nohash_0.wav,one,3ae5c04f,training,16000,16000,1,1.0,32044,0.05259517952799797,unknown candidate
cat/2ad772d6_nohash_1.wav,cat,2ad772d6,training,16000,16000,1,1.0,32044,0.09134368598461151,unknown candidate
seven/7e1054e7_nohash_1.wav,seven,7e1054e7,testing,16000,16000,1,1.0,32044,0.022190488874912262,unknown candidate
on/19e98e89_nohash_1.wav,on,19e98e89,training,16000,16000,1,1.0,32044,0.13888177275657654,target command
marvin/7f17667c_nohash_0.wav,marvin,7f17667c,training,16000,16000,1,1.0,32044,0.006019598338752985,unknown candidate
go/b3bb4dd6_nohash_0.wav,go,b3bb4dd6,training,16000,16000,1,1.0,32044,0.05530230328440666,target command
stop/264f471d_nohash_1.wav,stop,264f471d,validation,16000,16000,1,1.0,32044,0.029077304527163506,target command
bed/1657c9fa_nohash_0.wav,bed,1657c9fa,validation,14861,16000,1,0.9288125,29766,0.032185137271881104,unknown candidate
bird/6071a214_nohash_0.wav,bird,6071a214,validation,16000,16000,1,1.0,32044,0.03613338991999626,unknown candidate
tree/1b835b87_nohash_0.wav,tree,1b835b87,training,16000,16000,1,1.0,32044,0.012987630441784859,unknown candidate
go/f3d06008_nohash_0.wav,go,f3d06008,training,16000,16000,1,1.0,32044,0.18642818927764893,target command
six/d197e3ae_nohash_3.wav,six,d197e3ae,validation,16000,16000,1,1.0,32044,0.04672584682703018,unknown candidate
five/11099149_nohash_0.wav,five,11099149,training,16000,16000,1,1.0,32044,0.07413925975561142,unknown candidate
seven/229978fd_nohash_0.wav,seven,229978fd,training,16000,16000,1,1.0,32044,0.09881078451871872,unknown candidate
dog/66cbe2b3_nohash_1.wav,dog,66cbe2b3,training,16000,16000,1,1.0,32044,0.01662754826247692,unknown candidate
yes/7fd25f7c_nohash_4.wav,yes,7fd25f7c,validation,16000,16000,1,1.0,32044,0.012895756401121616,target command
stop/5fadb538_nohash_4.wav,stop,5fadb538,validation,16000,16000,1,1.0,32044,0.13150213658809662,target command
house/8f3f252c_nohash_0.wav,house,8f3f252c,training,16000,16000,1,1.0,32044,0.01255716010928154,unknown candidate
bed/6e916de8_nohash_0.wav,bed,6e916de8,testing,16000,16000,1,1.0,32044,0.02005520835518837,unknown candidate
eight/9b6c08ba_nohash_0.wav,eight,9b6c08ba,training,16000,16000,1,1.0,32044,0.07879530638456345,unknown candidate
zero/8012c69d_nohash_4.wav,zero,8012c69d,training,16000,16000,1,1.0,32044,0.09418053179979324,unknown candidate
stop/77f185d3_nohash_0.wav,stop,77f185d3,training,16000,16000,1,1.0,32044,0.049023255705833435,target command
bed/a16b3102_nohash_0.wav,bed,a16b3102,training,16000,16000,1,1.0,32044,0.13032299280166626,unknown candidate
marvin/e6e29c47_nohash_0.wav,marvin,e6e29c47,validation,15702,16000,1,0.981375,31448,0.0433051660656929,unknown candidate
eight/82305c3a_nohash_2.wav,eight,82305c3a,training,16000,16000,1,1.0,32044,0.03582097962498665,unknown candidate
six/6ef76186_nohash_0.wav,six,6ef76186,training,16000,16000,1,1.0,32044,0.020017459988594055,unknown candidate
zero/24befdb3_nohash_4.wav,zero,24befdb3,training,16000,16000,1,1.0,32044,0.13095740973949432,unknown candidate
one/c68cf200_nohash_0.wav,one,c68cf200,training,16000,16000,1,1.0,32044,0.014514302834868431,unknown candidate
tree/7014b07e_nohash_0.wav,tree,7014b07e,training,15604,16000,1,0.97525,31252,0.23045280575752258,unknown candidate
happy/99fad6a0_nohash_0.wav,happy,99fad6a0,training,16000,16000,1,1.0,32044,0.0455075278878212,unknown candidate
eight/0397ecda_nohash_0.wav,eight,0397ecda,training,16000,16000,1,1.0,32044,0.023368224501609802,unknown candidate
wow/8eb4a1bf_nohash_0.wav,wow,8eb4a1bf,training,16000,16000,1,1.0,32044,0.12885479629039764,unknown candidate
cat/56eb74ae_nohash_0.wav,cat,56eb74ae,validation,16000,16000,1,1.0,32044,0.0449327751994133,unknown candidate
stop/9cde5de8_nohash_0.wav,stop,9cde5de8,validation,16000,16000,1,1.0,32044,0.010646462440490723,target command
two/bf5d409d_nohash_1.wav,two,bf5d409d,training,16000,16000,1,1.0,32044,0.04558076709508896,unknown candidate
go/4634529e_nohash_0.wav,go,4634529e,training,11606,16000,1,0.725375,23256,0.032240718603134155,target command
two/528f9242_nohash_1.wav,two,528f9242,training,16000,16000,1,1.0,32044,0.02969530038535595,unknown candidate
bird/1b755c65_nohash_0.wav,bird,1b755c65,training,16000,16000,1,1.0,32044,0.08185292780399323,unknown candidate
sheila/cce17a61_nohash_0.wav,sheila,cce17a61,training,16000,16000,1,1.0,32044,0.10066377371549606,unknown candidate
right/48a9f771_nohash_1.wav,right,48a9f771,training,16000,16000,1,1.0,32044,0.04975359886884689,target command
down/fde2dee7_nohash_1.wav,down,fde2dee7,validation,11889,16000,1,0.7430625,23822,0.02436927892267704,target command
marvin/dbb7723a_nohash_0.wav,marvin,dbb7723a,training,15702,16000,1,0.981375,31448,0.19264638423919678,unknown candidate
four/46114b4e_nohash_0.wav,four,46114b4e,training,16000,16000,1,1.0,32044,0.06674186140298843,unknown candidate
one/4d9e07cf_nohash_0.wav,one,4d9e07cf,training,16000,16000,1,1.0,32044,0.04689271003007889,unknown candidate
left/325a0c39_nohash_0.wav,left,325a0c39,training,16000,16000,1,1.0,32044,0.09336506575345993,target command
bird/a4baac4e_nohash_1.wav,bird,a4baac4e,training,16000,16000,1,1.0,32044,0.016200566664338112,unknown candidate
seven/cd7f8c1b_nohash_3.wav,seven,cd7f8c1b,training,16000,16000,1,1.0,32044,0.04479233920574188,unknown candidate
nine/179a61b7_nohash_0.wav,nine,179a61b7,training,16000,16000,1,1.0,32044,0.19550278782844543,unknown candidate
tree/f88f97a7_nohash_0.wav,tree,f88f97a7,training,16000,16000,1,1.0,32044,0.030565960332751274,unknown candidate
seven/16d41d07_nohash_0.wav,seven,16d41d07,training,16000,16000,1,1.0,32044,0.012636682018637657,unknown candidate
off/a8f45bdc_nohash_2.wav,off,a8f45bdc,training,16000,16000,1,1.0,32044,0.11110644787549973,target command
two/dca6b373_nohash_0.wav,two,dca6b373,training,15604,16000,1,0.97525,31252,0.005032324697822332,unknown candidate
tree/f9f9751d_nohash_0.wav,tree,f9f9751d,training,16000,16000,1,1.0,32044,0.014402223750948906,unknown candidate
zero/e0322f2c_nohash_0.wav,zero,e0322f2c,training,14861,16000,1,0.9288125,29766,0.06392251700162888,unknown candidate
up/2aa787cf_nohash_2.wav,up,2aa787cf,testing,16000,16000,1,1.0,32044,0.011705207638442516,target command
down/b87bdb22_nohash_1.wav,down,b87bdb22,training,16000,16000,1,1.0,32044,0.1235479861497879,target command
on/7c1d8533_nohash_1.wav,on,7c1d8533,validation,16000,16000,1,1.0,32044,0.05308551713824272,target command
right/cb8f8307_nohash_4.wav,right,cb8f8307,training,16000,16000,1,1.0,32044,0.08586344122886658,target command
seven/e9b61425_nohash_0.wav,seven,e9b61425,training,16000,16000,1,1.0,32044,0.029505020007491112,unknown candidate
sheila/840eab5a_nohash_0.wav,sheila,840eab5a,training,16000,16000,1,1.0,32044,0.0681597888469696,unknown candidate
tree/db72a474_nohash_2.wav,tree,db72a474,training,14118,16000,1,0.882375,28280,0.011774089187383652,unknown candidate
up/4c432947_nohash_0.wav,up,4c432947,training,16000,16000,1,1.0,32044,0.03562629595398903,target command
off/cd7f8c1b_nohash_3.wav,off,cd7f8c1b,training,16000,16000,1,1.0,32044,0.06425342708826065,target command
down/096456f9_nohash_0.wav,down,096456f9,testing,16000,16000,1,1.0,32044,0.0013279733248054981,target command
two/33246bc2_nohash_0.wav,two,33246bc2,training,16000,16000,1,1.0,32044,0.05461457371711731,unknown candidate
no/7195ffa6_nohash_0.wav,no,7195ffa6,validation,11606,16000,1,0.725375,23256,0.06774423271417618,target command
tree/66aa0f29_nohash_1.wav,tree,66aa0f29,training,16000,16000,1,1.0,32044,0.015493347309529781,unknown candidate
three/7846fd85_nohash_0.wav,three,7846fd85,training,16000,16000,1,1.0,32044,0.075405552983284,unknown candidate
left/9f6fbdb4_nohash_0.wav,left,9f6fbdb4,training,16000,16000,1,1.0,32044,0.010178887285292149,target command
dog/dec73123_nohash_4.wav,dog,dec73123,training,16000,16000,1,1.0,32044,0.030335115268826485,unknown candidate
five/a1c63f25_nohash_0.wav,five,a1c63f25,training,11889,16000,1,0.7430625,23822,0.21332652866840363,unknown candidate
four/e269bac0_nohash_0.wav,four,e269bac0,training,16000,16000,1,1.0,32044,0.043145064264535904,unknown candidate
off/32561e9e_nohash_3.wav,off,32561e9e,training,16000,16000,1,1.0,32044,0.046316374093294144,target command
cat/1657c9fa_nohash_0.wav,cat,1657c9fa,validation,16000,16000,1,1.0,32044,0.031284626573324203,unknown candidate
zero/6727b579_nohash_3.wav,zero,6727b579,training,16000,16000,1,1.0,32044,0.04979974031448364,unknown candidate
down/29fb33da_nohash_2.wav,down,29fb33da,training,16000,16000,1,1.0,32044,0.1354231983423233,target command
bird/c90c0105_nohash_1.wav,bird,c90c0105,validation,16000,16000,1,1.0,32044,0.022249456495046616,unknown candidate
bird/7c1d8533_nohash_0.wav,bird,7c1d8533,validation,16000,16000,1,1.0,32044,0.0807001069188118,unknown candidate
one/e0315cf6_nohash_0.wav,one,e0315cf6,training,16000,16000,1,1.0,32044,0.03108256123960018,unknown candidate
down/8012c69d_nohash_4.wav,down,8012c69d,training,16000,16000,1,1.0,32044,0.05769924819469452,target command
no/b087aa0e_nohash_0.wav,no,b087aa0e,training,11146,16000,1,0.696625,22336,0.026328716427087784,target command
two/cc6ee39b_nohash_3.wav,two,cc6ee39b,training,16000,16000,1,1.0,32044,0.03054211102426052,unknown candidate
nine/57cb3575_nohash_1.wav,nine,57cb3575,validation,14861,16000,1,0.9288125,29766,0.09305901825428009,unknown candidate
tree/f6581345_nohash_1.wav,tree,f6581345,training,16000,16000,1,1.0,32044,0.12146713584661484,unknown candidate
up/9aa21fa9_nohash_0.wav,up,9aa21fa9,training,16000,16000,1,1.0,32044,0.24121324717998505,target command
six/ffa76c4a_nohash_3.wav,six,ffa76c4a,testing,16000,16000,1,1.0,32044,0.03392506018280983,unknown candidate
cat/6021f08b_nohash_2.wav,cat,6021f08b,testing,16000,16000,1,1.0,32044,0.08154143393039703,unknown candidate
on/ab1299bb_nohash_0.wav,on,ab1299bb,validation,16000,16000,1,1.0,32044,0.073432058095932,target command
five/6ac35824_nohash_1.wav,five,6ac35824,training,16000,16000,1,1.0,32044,0.03648081049323082,unknown candidate
down/105e72bb_nohash_0.wav,down,105e72bb,validation,16000,16000,1,1.0,32044,0.01638348400592804,target command
left/953fe1ad_nohash_2.wav,left,953fe1ad,training,16000,16000,1,1.0,32044,0.04967750608921051,target command
wow/b8897f1c_nohash_1.wav,wow,b8897f1c,training,16000,16000,1,1.0,32044,0.008891547098755836,unknown candidate
up/1ffd513b_nohash_1.wav,up,1ffd513b,training,16000,16000,1,1.0,32044,0.09225185960531235,target command
up/28ef2a01_nohash_0.wav,up,28ef2a01,validation,16000,16000,1,1.0,32044,0.06758718937635422,target command
down/fbdc07bb_nohash_0.wav,down,fbdc07bb,training,16000,16000,1,1.0,32044,0.019963756203651428,target command
dog/ffb86d3c_nohash_1.wav,dog,ffb86d3c,testing,16000,16000,1,1.0,32044,0.13178750872612,unknown candidate
two/24befdb3_nohash_0.wav,two,24befdb3,training,16000,16000,1,1.0,32044,0.14816801249980927,unknown candidate
up/70a00e98_nohash_0.wav,up,70a00e98,training,16000,16000,1,1.0,32044,0.07134098559617996,target command
sheila/0d393936_nohash_0.wav,sheila,0d393936,training,16000,16000,1,1.0,32044,0.027042541652917862,unknown candidate
two/9886d8bf_nohash_2.wav,two,9886d8bf,training,16000,16000,1,1.0,32044,0.10842572897672653,unknown candidate
off/1df99a8a_nohash_0.wav,off,1df99a8a,training,14861,16000,1,0.9288125,29766,0.1834690421819687,target command
house/3d53244b_nohash_0.wav,house,3d53244b,training,16000,16000,1,1.0,32044,0.08046914637088776,unknown candidate
up/21307344_nohash_0.wav,up,21307344,training,16000,16000,1,1.0,32044,0.014389828778803349,target command
left/becd5a53_nohash_1.wav,left,becd5a53,training,16000,16000,1,1.0,32044,0.031790006905794144,target command
zero/439c84f4_nohash_1.wav,zero,439c84f4,validation,16000,16000,1,1.0,32044,0.048574890941381454,unknown candidate
tree/bfb10243_nohash_1.wav,tree,bfb10243,training,15019,16000,1,0.9386875,30082,0.048151642084121704,unknown candidate
five/6ef76186_nohash_0.wav,five,6ef76186,training,16000,16000,1,1.0,32044,0.1013554036617279,unknown candidate
down/e0322f2c_nohash_0.wav,down,e0322f2c,training,11146,16000,1,0.696625,22336,0.06499437987804413,target command
one/876c84d6_nohash_2.wav,one,876c84d6,training,13654,16000,1,0.853375,27352,0.07435828447341919,unknown candidate
nine/211ccd2e_nohash_3.wav,nine,211ccd2e,training,16000,16000,1,1.0,32044,0.027423802763223648,unknown candidate
four/92a9c5e6_nohash_4.wav,four,92a9c5e6,training,16000,16000,1,1.0,32044,0.0866577997803688,unknown candidate
five/238c112c_nohash_0.wav,five,238c112c,training,16000,16000,1,1.0,32044,0.02791174314916134,unknown candidate
on/418e7158_nohash_0.wav,on,418e7158,training,16000,16000,1,1.0,32044,0.04686008766293526,target command
marvin/b93528e3_nohash_1.wav,marvin,b93528e3,training,16000,16000,1,1.0,32044,0.015172225423157215,unknown candidate
zero/d8c52371_nohash_1.wav,zero,d8c52371,training,16000,16000,1,1.0,32044,0.02221839316189289,unknown candidate
go/fb01a182_nohash_0.wav,go,fb01a182,training,16000,16000,1,1.0,32044,0.08768283575773239,target command
on/8a28231e_nohash_0.wav,on,8a28231e,training,16000,16000,1,1.0,32044,0.051048532128334045,target command
three/f4386675_nohash_0.wav,three,f4386675,training,16000,16000,1,1.0,32044,0.12908703088760376,unknown candidate
on/64574a99_nohash_0.wav,on,64574a99,training,14336,16000,1,0.896,28716,0.04800288751721382,target command
bed/eb3f7d82_nohash_0.wav,bed,eb3f7d82,training,16000,16000,1,1.0,32044,0.03688928112387657,unknown candidate
dog/dec73123_nohash_1.wav,dog,dec73123,training,16000,16000,1,1.0,32044,0.022652441635727882,unknown candidate
sheila/5ba724a7_nohash_0.wav,sheila,5ba724a7,training,16000,16000,1,1.0,32044,0.10774491727352142,unknown candidate
six/42beb5eb_nohash_0.wav,six,42beb5eb,testing,16000,16000,1,1.0,32044,0.053314995020627975,unknown candidate
down/102192fd_nohash_0.wav,down,102192fd,training,16000,16000,1,1.0,32044,0.014599233865737915,target command
four/d486fb84_nohash_1.wav,four,d486fb84,training,16000,16000,1,1.0,32044,0.061039894819259644,unknown candidate
eight/59b98a22_nohash_0.wav,eight,59b98a22,training,13654,16000,1,0.853375,27352,0.03406386822462082,unknown candidate
wow/8012c69d_nohash_0.wav,wow,8012c69d,training,16000,16000,1,1.0,32044,0.06665921956300735,unknown candidate
six/39dce8cc_nohash_0.wav,six,39dce8cc,training,11889,16000,1,0.7430625,23822,0.13205701112747192,unknown candidate
six/d430b3cc_nohash_0.wav,six,d430b3cc,training,11889,16000,1,0.7430625,23822,0.012398408725857735,unknown candidate
left/e1469561_nohash_0.wav,left,e1469561,testing,16000,16000,1,1.0,32044,0.09952808916568756,target command
no/8fe52b97_nohash_1.wav,no,8fe52b97,testing,12971,16000,1,0.8106875,25986,0.06617330014705658,target command
go/f8f60f59_nohash_4.wav,go,f8f60f59,training,16000,16000,1,1.0,32044,0.033400218933820724,target command
up/439c84f4_nohash_1.wav,up,439c84f4,validation,16000,16000,1,1.0,32044,0.02850506827235222,target command
eight/b63fea9e_nohash_3.wav,eight,b63fea9e,training,16000,16000,1,1.0,32044,0.01566421054303646,unknown candidate
tree/76e53db9_nohash_1.wav,tree,76e53db9,training,16000,16000,1,1.0,32044,0.026822321116924286,unknown candidate
one/2b42e7a2_nohash_0.wav,one,2b42e7a2,training,16000,16000,1,1.0,32044,0.08646969497203827,unknown candidate
down/6ef76186_nohash_2.wav,down,6ef76186,training,16000,16000,1,1.0,32044,0.0684145912528038,target command
four/15c563d7_nohash_4.wav,four,15c563d7,training,16000,16000,1,1.0,32044,0.07972105592489243,unknown candidate
eight/da15e796_nohash_0.wav,eight,da15e796,training,16000,16000,1,1.0,32044,0.05371733009815216,unknown candidate
bed/2dcb6848_nohash_1.wav,bed,2dcb6848,training,16000,16000,1,1.0,32044,0.011735486797988415,unknown candidate
happy/a5d485dc_nohash_0.wav,happy,a5d485dc,training,16000,16000,1,1.0,32044,0.09234434366226196,unknown candidate
four/8e884ec4_nohash_0.wav,four,8e884ec4,training,16000,16000,1,1.0,32044,0.018058521673083305,unknown candidate
off/3cdecb0b_nohash_1.wav,off,3cdecb0b,training,16000,16000,1,1.0,32044,0.03396978974342346,target command
yes/53578f4e_nohash_1.wav,yes,53578f4e,training,16000,16000,1,1.0,32044,0.020251024514436722,target command
six/653a48f5_nohash_0.wav,six,653a48f5,testing,16000,16000,1,1.0,32044,0.06624506413936615,unknown candidate
wow/8fe52b97_nohash_0.wav,wow,8fe52b97,testing,11606,16000,1,0.725375,23256,0.12606266140937805,unknown candidate
cat/418e7158_nohash_0.wav,cat,418e7158,training,15604,16000,1,0.97525,31252,0.06625533103942871,unknown candidate
eight/39a12648_nohash_4.wav,eight,39a12648,training,16000,16000,1,1.0,32044,0.15281228721141815,unknown candidate
one/ec201020_nohash_1.wav,one,ec201020,training,16000,16000,1,1.0,32044,0.062250442802906036,unknown candidate
house/db79a764_nohash_0.wav,house,db79a764,training,16000,16000,1,1.0,32044,0.01316423062235117,unknown candidate
marvin/708b8d51_nohash_0.wav,marvin,708b8d51,training,16000,16000,1,1.0,32044,0.16723471879959106,unknown candidate
tree/161fcca8_nohash_1.wav,tree,161fcca8,training,15604,16000,1,0.97525,31252,0.020014328882098198,unknown candidate
yes/626e323f_nohash_0.wav,yes,626e323f,training,14861,16000,1,0.9288125,29766,0.020442573353648186,target command
yes/5c39594f_nohash_0.wav,yes,5c39594f,training,16000,16000,1,1.0,32044,0.07255372405052185,target command
nine/58df33b5_nohash_1.wav,nine,58df33b5,training,16000,16000,1,1.0,32044,0.037288278341293335,unknown candidate
wow/96ab6565_nohash_0.wav,wow,96ab6565,training,16000,16000,1,1.0,32044,0.05444265902042389,unknown candidate
right/37fc5d97_nohash_2.wav,right,37fc5d97,testing,16000,16000,1,1.0,32044,0.03275531530380249,target command
six/3fdafe25_nohash_0.wav,six,3fdafe25,training,16000,16000,1,1.0,32044,0.012240410782396793,unknown candidate
go/412c675c_nohash_0.wav,go,412c675c,testing,14861,16000,1,0.9288125,29766,0.0355183370411396,target command
two/c948d727_nohash_4.wav,two,c948d727,training,16000,16000,1,1.0,32044,0.3118461072444916,unknown candidate
yes/94e6864f_nohash_0.wav,yes,94e6864f,training,16000,16000,1,1.0,32044,0.012846927158534527,target command
dog/f5d09ebd_nohash_0.wav,dog,f5d09ebd,training,16000,16000,1,1.0,32044,0.04910065606236458,unknown candidate
two/71f9bba8_nohash_1.wav,two,71f9bba8,training,16000,16000,1,1.0,32044,0.06257610768079758,unknown candidate
left/40115b19_nohash_0.wav,left,40115b19,training,16000,16000,1,1.0,32044,0.016600430011749268,target command
eight/c1d39ce8_nohash_2.wav,eight,c1d39ce8,training,16000,16000,1,1.0,32044,0.1177167296409607,unknown candidate
down/eb3f7d82_nohash_3.wav,down,eb3f7d82,training,16000,16000,1,1.0,32044,0.03713397681713104,target command
left/512dc91a_nohash_1.wav,left,512dc91a,training,16000,16000,1,1.0,32044,0.005015815608203411,target command
bird/4f781a59_nohash_2.wav,bird,4f781a59,training,12632,16000,1,0.7895,25308,0.006985457148402929,unknown candidate
stop/7fa5fa1f_nohash_0.wav,stop,7fa5fa1f,training,16000,16000,1,1.0,32044,0.010781627148389816,target command
tree/824e8ce5_nohash_1.wav,tree,824e8ce5,training,16000,16000,1,1.0,32044,0.011225796304643154,unknown candidate
three/c08e5058_nohash_1.wav,three,c08e5058,training,16000,16000,1,1.0,32044,0.023679574951529503,unknown candidate
left/a60a09cf_nohash_0.wav,left,a60a09cf,testing,16000,16000,1,1.0,32044,0.06337881088256836,target command
happy/0bde966a_nohash_1.wav,happy,0bde966a,training,16000,16000,1,1.0,32044,0.008842973969876766,unknown candidate
no/a1cff772_nohash_4.wav,no,a1cff772,training,16000,16000,1,1.0,32044,0.09763078391551971,target command
five/eb67fcbc_nohash_0.wav,five,eb67fcbc,training,16000,16000,1,1.0,32044,0.05150468274950981,unknown candidate
six/1993db46_nohash_2.wav,six,1993db46,training,16000,16000,1,1.0,32044,0.006293617654591799,unknown candidate
down/28ce0c58_nohash_2.wav,down,28ce0c58,training,16000,16000,1,1.0,32044,0.06491483002901077,target command
stop/5fadb538_nohash_2.wav,stop,5fadb538,validation,16000,16000,1,1.0,32044,0.09499003738164902,target command
two/9dc1889e_nohash_0.wav,two,9dc1889e,testing,12971,16000,1,0.8106875,25986,0.047232937067747116,unknown candidate
seven/bdee441c_nohash_2.wav,seven,bdee441c,validation,16000,16000,1,1.0,32044,0.043921418488025665,unknown candidate
one/c25a032b_nohash_0.wav,one,c25a032b,training,16000,16000,1,1.0,32044,0.01735539734363556,unknown candidate
down/14df1e28_nohash_0.wav,down,14df1e28,training,16000,16000,1,1.0,32044,0.1389562487602234,target command
zero/6b7d5101_nohash_0.wav,zero,6b7d5101,training,16000,16000,1,1.0,32044,0.021282147616147995,unknown candidate
zero/4abb2400_nohash_0.wav,zero,4abb2400,training,16000,16000,1,1.0,32044,0.10143040865659714,unknown candidate
left/026290a7_nohash_0.wav,left,026290a7,validation,16000,16000,1,1.0,32044,0.03677184879779816,target command
sheila/bd2db1a5_nohash_0.wav,sheila,bd2db1a5,training,16000,16000,1,1.0,32044,0.0374569408595562,unknown candidate
right/fffcabd1_nohash_0.wav,right,fffcabd1,training,16000,16000,1,1.0,32044,0.052774302661418915,target command
cat/5ff3f9a1_nohash_1.wav,cat,5ff3f9a1,testing,16000,16000,1,1.0,32044,0.039130695164203644,unknown candidate
tree/4b39347d_nohash_0.wav,tree,4b39347d,training,16000,16000,1,1.0,32044,0.17054805159568787,unknown candidate
on/46a153d8_nohash_3.wav,on,46a153d8,training,16000,16000,1,1.0,32044,0.014147668145596981,target command
off/eb0676ec_nohash_1.wav,off,eb0676ec,training,16000,16000,1,1.0,32044,0.10590294003486633,target command
three/65f2531f_nohash_0.wav,three,65f2531f,training,16000,16000,1,1.0,32044,0.0116033423691988,unknown candidate
four/270bfa52_nohash_0.wav,four,270bfa52,training,16000,16000,1,1.0,32044,0.21110859513282776,unknown candidate
right/4d4e17f5_nohash_3.wav,right,4d4e17f5,training,13375,16000,1,0.8359375,26794,0.026305396109819412,target command
go/d197e3ae_nohash_3.wav,go,d197e3ae,validation,16000,16000,1,1.0,32044,0.10474838316440582,target command
six/187af8be_nohash_0.wav,six,187af8be,training,16000,16000,1,1.0,32044,0.014363930560648441,unknown candidate
tree/b12bef84_nohash_0.wav,tree,b12bef84,training,16000,16000,1,1.0,32044,0.028445439413189888,unknown candidate
dog/caedb73a_nohash_1.wav,dog,caedb73a,testing,16000,16000,1,1.0,32044,0.06534865498542786,unknown candidate
bird/cf87b736_nohash_1.wav,bird,cf87b736,training,16000,16000,1,1.0,32044,0.035181958228349686,unknown candidate
wow/78622c2b_nohash_0.wav,wow,78622c2b,training,16000,16000,1,1.0,32044,0.07972589135169983,unknown candidate
cat/8d4cdc60_nohash_1.wav,cat,8d4cdc60,training,16000,16000,1,1.0,32044,0.16969643533229828,unknown candidate
eight/5184ed3e_nohash_2.wav,eight,5184ed3e,training,16000,16000,1,1.0,32044,0.14595764875411987,unknown candidate
nine/ab7b5acd_nohash_0.wav,nine,ab7b5acd,validation,16000,16000,1,1.0,32044,0.22184385359287262,unknown candidate
dog/637c702a_nohash_0.wav,dog,637c702a,training,14118,16000,1,0.882375,28280,0.07306917756795883,unknown candidate
seven/0137b3f4_nohash_0.wav,seven,0137b3f4,training,16000,16000,1,1.0,32044,0.08061309158802032,unknown candidate
cat/953fe1ad_nohash_0.wav,cat,953fe1ad,training,16000,16000,1,1.0,32044,0.06696364283561707,unknown candidate
right/96a48d28_nohash_4.wav,right,96a48d28,training,16000,16000,1,1.0,32044,0.09972786903381348,target command
stop/7211390b_nohash_0.wav,stop,7211390b,training,16000,16000,1,1.0,32044,0.14155161380767822,target command
nine/095847e4_nohash_1.wav,nine,095847e4,training,16000,16000,1,1.0,32044,0.038337115198373795,unknown candidate
left/587f3271_nohash_0.wav,left,587f3271,testing,16000,16000,1,1.0,32044,0.021568860858678818,target command
wow/6e74c582_nohash_0.wav,wow,6e74c582,training,16000,16000,1,1.0,32044,0.013276328332722187,unknown candidate
stop/05739450_nohash_1.wav,stop,05739450,training,12971,16000,1,0.8106875,25986,0.050995126366615295,target command
go/15b0c947_nohash_1.wav,go,15b0c947,training,16000,16000,1,1.0,32044,0.09924392402172089,target command
up/f0ae7203_nohash_3.wav,up,f0ae7203,testing,16000,16000,1,1.0,32044,0.06884757429361343,target command
no/cc6bae0d_nohash_0.wav,no,cc6bae0d,validation,16000,16000,1,1.0,32044,0.00531062250956893,target command
two/eb609143_nohash_0.wav,two,eb609143,training,16000,16000,1,1.0,32044,0.08439087122678757,unknown candidate
yes/3cfc6b3a_nohash_0.wav,yes,3cfc6b3a,training,16000,16000,1,1.0,32044,0.030306637287139893,target command
three/72aa7259_nohash_0.wav,three,72aa7259,training,16000,16000,1,1.0,32044,0.09428846836090088,unknown candidate
go/acde7e73_nohash_1.wav,go,acde7e73,training,16000,16000,1,1.0,32044,0.014947336167097092,target command
no/7eee5973_nohash_0.wav,no,7eee5973,validation,16000,16000,1,1.0,32044,0.03322312608361244,target command
no/3209ec42_nohash_0.wav,no,3209ec42,training,16000,16000,1,1.0,32044,0.019772307947278023,target command
seven/6727b579_nohash_0.wav,seven,6727b579,training,16000,16000,1,1.0,32044,0.026736237108707428,unknown candidate
nine/9aa21fa9_nohash_3.wav,nine,9aa21fa9,training,16000,16000,1,1.0,32044,0.05588008090853691,unknown candidate
one/9b3ea809_nohash_1.wav,one,9b3ea809,testing,16000,16000,1,1.0,32044,0.05416879057884216,unknown candidate
on/6a700f9d_nohash_1.wav,on,6a700f9d,training,16000,16000,1,1.0,32044,0.03430570289492607,target command
house/e77d88fc_nohash_0.wav,house,e77d88fc,training,16000,16000,1,1.0,32044,0.10729522258043289,unknown candidate
stop/8eb4a1bf_nohash_3.wav,stop,8eb4a1bf,training,16000,16000,1,1.0,32044,0.06690217554569244,target command
go/dec73123_nohash_0.wav,go,dec73123,training,15702,16000,1,0.981375,31448,0.07603872567415237,target command
down/686d030b_nohash_0.wav,down,686d030b,training,16000,16000,1,1.0,32044,0.07286055386066437,target command
seven/004ae714_nohash_1.wav,seven,004ae714,training,11889,16000,1,0.7430625,23822,0.010106055065989494,unknown candidate
go/4c4d2526_nohash_1.wav,go,4c4d2526,testing,14861,16000,1,0.9288125,29766,0.0025963997468352318,target command
one/a6d586b7_nohash_0.wav,one,a6d586b7,validation,16000,16000,1,1.0,32044,0.018812278285622597,unknown candidate
zero/15c563d7_nohash_0.wav,zero,15c563d7,training,16000,16000,1,1.0,32044,0.12008143216371536,unknown candidate
two/9ab86dd0_nohash_0.wav,two,9ab86dd0,training,16000,16000,1,1.0,32044,0.02716834284365177,unknown candidate
six/ca58a8c6_nohash_0.wav,six,ca58a8c6,training,16000,16000,1,1.0,32044,0.03504771739244461,unknown candidate
on/3bc21161_nohash_1.wav,on,3bc21161,training,16000,16000,1,1.0,32044,0.042553845793008804,target command
happy/9d32f10a_nohash_1.wav,happy,9d32f10a,validation,16000,16000,1,1.0,32044,0.04386628791689873,unknown candidate
two/09bcdc9d_nohash_0.wav,two,09bcdc9d,training,16000,16000,1,1.0,32044,0.032754141837358475,unknown candidate
zero/c1d39ce8_nohash_3.wav,zero,c1d39ce8,training,16000,16000,1,1.0,32044,0.13494469225406647,unknown candidate
seven/765ffccb_nohash_0.wav,seven,765ffccb,training,16000,16000,1,1.0,32044,0.04800698906183243,unknown candidate
house/b665723d_nohash_0.wav,house,b665723d,training,16000,16000,1,1.0,32044,0.0714259073138237,unknown candidate
two/c9b653a0_nohash_0.wav,two,c9b653a0,training,16000,16000,1,1.0,32044,0.1269320696592331,unknown candidate
dog/b7669804_nohash_0.wav,dog,b7669804,training,16000,16000,1,1.0,32044,0.0027979884762316942,unknown candidate
off/49af4432_nohash_4.wav,off,49af4432,training,16000,16000,1,1.0,32044,0.11486314982175827,target command
two/43fc47a7_nohash_0.wav,two,43fc47a7,testing,16000,16000,1,1.0,32044,0.02159717306494713,unknown candidate
one/1afd49bf_nohash_0.wav,one,1afd49bf,training,15702,16000,1,0.981375,31448,0.02055984176695347,unknown candidate
wow/541120c7_nohash_1.wav,wow,541120c7,validation,16000,16000,1,1.0,32044,0.06954868137836456,unknown candidate
one/71aa5b54_nohash_0.wav,one,71aa5b54,training,16000,16000,1,1.0,32044,0.04944562539458275,unknown candidate
two/c9b653a0_nohash_3.wav,two,c9b653a0,training,16000,16000,1,1.0,32044,0.08551906049251556,unknown candidate
on/ec201020_nohash_0.wav,on,ec201020,training,16000,16000,1,1.0,32044,0.07124411314725876,target command
two/a827e3a1_nohash_2.wav,two,a827e3a1,training,16000,16000,1,1.0,32044,0.11004602909088135,unknown candidate
right/656e8bb3_nohash_0.wav,right,656e8bb3,training,16000,16000,1,1.0,32044,0.04414891079068184,target command
nine/4620dc14_nohash_1.wav,nine,4620dc14,testing,16000,16000,1,1.0,32044,0.09448845684528351,unknown candidate
go/8012c69d_nohash_0.wav,go,8012c69d,training,16000,16000,1,1.0,32044,0.04297229275107384,target command
off/66cbe2b3_nohash_0.wav,off,66cbe2b3,training,16000,16000,1,1.0,32044,0.027468780055642128,target command
six/4abb2400_nohash_1.wav,six,4abb2400,training,16000,16000,1,1.0,32044,0.04283919185400009,unknown candidate
marvin/8e884ec4_nohash_0.wav,marvin,8e884ec4,training,16000,16000,1,1.0,32044,0.054801736027002335,unknown candidate
down/3efef882_nohash_0.wav,down,3efef882,testing,16000,16000,1,1.0,32044,0.04320819303393364,target command
marvin/7fc74fbe_nohash_2.wav,marvin,7fc74fbe,training,15019,16000,1,0.9386875,30082,0.006769266445189714,unknown candidate
on/5c39594f_nohash_4.wav,on,5c39594f,training,16000,16000,1,1.0,32044,0.06931639462709427,target command
sheila/aff582a1_nohash_0.wav,sheila,aff582a1,training,16000,16000,1,1.0,32044,0.0935259759426117,unknown candidate
sheila/20d3f11f_nohash_0.wav,sheila,20d3f11f,testing,16000,16000,1,1.0,32044,0.0041185542941093445,unknown candidate
tree/db72a474_nohash_1.wav,tree,db72a474,training,16000,16000,1,1.0,32044,0.015133061446249485,unknown candidate
right/90b94017_nohash_0.wav,right,90b94017,testing,16000,16000,1,1.0,32044,0.005385239142924547,target command
sheila/5af0ca83_nohash_0.wav,sheila,5af0ca83,training,16000,16000,1,1.0,32044,0.024661732837557793,unknown candidate
on/ac7840d8_nohash_0.wav,on,ac7840d8,training,16000,16000,1,1.0,32044,0.025617647916078568,target command
cat/d933bf5e_nohash_2.wav,cat,d933bf5e,training,16000,16000,1,1.0,32044,0.019872194156050682,unknown candidate
five/1887fe04_nohash_0.wav,five,1887fe04,training,16000,16000,1,1.0,32044,0.027058877050876617,unknown candidate
six/68dd409e_nohash_0.wav,six,68dd409e,testing,16000,16000,1,1.0,32044,0.06936177611351013,unknown candidate
wow/c6ee87a7_nohash_0.wav,wow,c6ee87a7,validation,16000,16000,1,1.0,32044,0.08804366737604141,unknown candidate
yes/bf90a57a_nohash_0.wav,yes,bf90a57a,training,16000,16000,1,1.0,32044,0.031838152557611465,target command
on/bbaa7946_nohash_1.wav,on,bbaa7946,training,16000,16000,1,1.0,32044,0.05885474383831024,target command
dog/1eddce1d_nohash_0.wav,dog,1eddce1d,training,16000,16000,1,1.0,32044,0.030492713674902916,unknown candidate
left/c86d4fd4_nohash_1.wav,left,c86d4fd4,training,16000,16000,1,1.0,32044,0.012419781647622585,target command
four/bdb26021_nohash_1.wav,four,bdb26021,validation,16000,16000,1,1.0,32044,0.020703621208667755,unknown candidate
five/617de221_nohash_4.wav,five,617de221,training,16000,16000,1,1.0,32044,0.11905910074710846,unknown candidate
four/f953e1af_nohash_4.wav,four,f953e1af,training,16000,16000,1,1.0,32044,0.0365753136575222,unknown candidate
cat/dd086776_nohash_0.wav,cat,dd086776,validation,16000,16000,1,1.0,32044,0.0311439149081707,unknown candidate
three/de4f7798_nohash_0.wav,three,de4f7798,training,16000,16000,1,1.0,32044,0.07080988585948944,unknown candidate
one/39999a0f_nohash_0.wav,one,39999a0f,training,16000,16000,1,1.0,32044,0.034650783985853195,unknown candidate
go/ffa76c4a_nohash_0.wav,go,ffa76c4a,testing,16000,16000,1,1.0,32044,0.11075039207935333,target command
two/03cf93b1_nohash_0.wav,two,03cf93b1,training,11606,16000,1,0.725375,23256,0.2237747311592102,unknown candidate
on/51055bda_nohash_0.wav,on,51055bda,training,16000,16000,1,1.0,32044,0.12049368768930435,target command
marvin/012c8314_nohash_0.wav,marvin,012c8314,training,16000,16000,1,1.0,32044,0.014751937240362167,unknown candidate
off/da584bc0_nohash_4.wav,off,da584bc0,training,16000,16000,1,1.0,32044,0.03364885598421097,target command
off/7ff085e1_nohash_0.wav,off,7ff085e1,training,16000,16000,1,1.0,32044,0.03751227632164955,target command
zero/3c257192_nohash_0.wav,zero,3c257192,training,16000,16000,1,1.0,32044,0.0740533396601677,unknown candidate
zero/90804775_nohash_0.wav,zero,90804775,validation,10240,16000,1,0.64,20524,0.06360825896263123,unknown candidate
eight/d103dd6e_nohash_1.wav,eight,d103dd6e,testing,16000,16000,1,1.0,32044,0.1301357001066208,unknown candidate
happy/1df483c0_nohash_0.wav,happy,1df483c0,training,15019,16000,1,0.9386875,30082,0.02032262645661831,unknown candidate
go/1cc80e39_nohash_0.wav,go,1cc80e39,training,12632,16000,1,0.7895,25308,0.07065446674823761,target command
eight/5705a0f9_nohash_0.wav,eight,5705a0f9,training,16000,16000,1,1.0,32044,0.019037283957004547,unknown candidate
bird/1f653d27_nohash_0.wav,bird,1f653d27,testing,16000,16000,1,1.0,32044,0.02720169723033905,unknown candidate
house/cc554de3_nohash_0.wav,house,cc554de3,training,16000,16000,1,1.0,32044,0.03725815191864967,unknown candidate
bed/94e6864f_nohash_2.wav,bed,94e6864f,training,16000,16000,1,1.0,32044,0.012862547300755978,unknown candidate
seven/333784b7_nohash_1.wav,seven,333784b7,training,16000,16000,1,1.0,32044,0.06893768906593323,unknown candidate
no/aff582a1_nohash_2.wav,no,aff582a1,training,16000,16000,1,1.0,32044,0.0393078587949276,target command
two/99e6cab8_nohash_1.wav,two,99e6cab8,training,16000,16000,1,1.0,32044,0.07130525261163712,unknown candidate
wow/1890e5c3_nohash_1.wav,wow,1890e5c3,training,16000,16000,1,1.0,32044,0.09984922409057617,unknown candidate
wow/7ca023e2_nohash_0.wav,wow,7ca023e2,validation,16000,16000,1,1.0,32044,0.12892980873584747,unknown candidate
down/24befdb3_nohash_3.wav,down,24befdb3,training,16000,16000,1,1.0,32044,0.1457746922969818,target command
tree/d84829e0_nohash_1.wav,tree,d84829e0,training,16000,16000,1,1.0,32044,0.008692124858498573,unknown candidate
down/3c165869_nohash_0.wav,down,3c165869,testing,16000,16000,1,1.0,32044,0.0031709682662039995,target command
down/e900b652_nohash_0.wav,down,e900b652,training,16000,16000,1,1.0,32044,0.17058447003364563,target command
happy/fad7a69a_nohash_0.wav,happy,fad7a69a,training,16000,16000,1,1.0,32044,0.09634320437908173,unknown candidate
seven/ee07dcb9_nohash_0.wav,seven,ee07dcb9,training,16000,16000,1,1.0,32044,0.01812719739973545,unknown candidate
dog/3777c08e_nohash_0.wav,dog,3777c08e,training,16000,16000,1,1.0,32044,0.1258477419614792,unknown candidate
up/1ecfb537_nohash_0.wav,up,1ecfb537,training,16000,16000,1,1.0,32044,0.026135774329304695,target command
go/c6ee87a7_nohash_0.wav,go,c6ee87a7,validation,16000,16000,1,1.0,32044,0.05474834889173508,target command
sheila/12529547_nohash_0.wav,sheila,12529547,training,16000,16000,1,1.0,32044,0.04144710674881935,unknown candidate
happy/5588c7e6_nohash_2.wav,happy,5588c7e6,training,16000,16000,1,1.0,32044,0.0472906269133091,unknown candidate
seven/763188c4_nohash_2.wav,seven,763188c4,training,16000,16000,1,1.0,32044,0.07711236923933029,unknown candidate
nine/57b38f48_nohash_0.wav,nine,57b38f48,training,16000,16000,1,1.0,32044,0.01450540404766798,unknown candidate
left/88a487ce_nohash_0.wav,left,88a487ce,training,16000,16000,1,1.0,32044,0.05021994560956955,target command
happy/b1114e4f_nohash_1.wav,happy,b1114e4f,training,16000,16000,1,1.0,32044,0.09340260922908783,unknown candidate
right/c22d3f18_nohash_0.wav,right,c22d3f18,testing,16000,16000,1,1.0,32044,0.09301029145717621,target command
three/f292725f_nohash_0.wav,three,f292725f,testing,16000,16000,1,1.0,32044,0.041290730237960815,unknown candidate
off/55d3725a_nohash_1.wav,off,55d3725a,training,12632,16000,1,0.7895,25308,0.03197960555553436,target command
go/66cff190_nohash_1.wav,go,66cff190,validation,16000,16000,1,1.0,32044,0.042207248508930206,target command
yes/ba59cab3_nohash_1.wav,yes,ba59cab3,training,15702,16000,1,0.981375,31448,0.0037500967737287283,target command
sheila/b15fc37d_nohash_1.wav,sheila,b15fc37d,training,16000,16000,1,1.0,32044,0.02911275066435337,unknown candidate
up/c93d5e22_nohash_2.wav,up,c93d5e22,training,16000,16000,1,1.0,32044,0.018794814124703407,target command
up/4c77947d_nohash_0.wav,up,4c77947d,training,8875,16000,1,0.5546875,17794,0.025151818990707397,target command
go/6a014b29_nohash_0.wav,go,6a014b29,training,16000,16000,1,1.0,32044,0.027395037934184074,target command
happy/3209ec42_nohash_1.wav,happy,3209ec42,training,16000,16000,1,1.0,32044,0.030240975320339203,unknown candidate
bed/fbe51750_nohash_1.wav,bed,fbe51750,training,12971,16000,1,0.8106875,25986,0.04919365793466568,unknown candidate
seven/e07dd7d4_nohash_0.wav,seven,e07dd7d4,training,16000,16000,1,1.0,32044,0.007865753024816513,unknown candidate
two/d7a58714_nohash_0.wav,two,d7a58714,training,16000,16000,1,1.0,32044,0.13025522232055664,unknown candidate
house/52e228e9_nohash_0.wav,house,52e228e9,validation,16000,16000,1,1.0,32044,0.06461362540721893,unknown candidate
right/7195ffa6_nohash_0.wav,right,7195ffa6,validation,12971,16000,1,0.8106875,25986,0.0394073911011219,target command
stop/0227998e_nohash_1.wav,stop,0227998e,training,16000,16000,1,1.0,32044,0.0623985193669796,target command
bird/3c8836dc_nohash_1.wav,bird,3c8836dc,training,15702,16000,1,0.981375,31448,0.006440265104174614,unknown candidate
one/aac5b7c1_nohash_0.wav,one,aac5b7c1,training,16000,16000,1,1.0,32044,0.05135278403759003,unknown candidate
cat/9d8ac38b_nohash_0.wav,cat,9d8ac38b,training,16000,16000,1,1.0,32044,0.02019929699599743,unknown candidate
two/e54a0f16_nohash_1.wav,two,e54a0f16,validation,16000,16000,1,1.0,32044,0.08078967779874802,unknown candidate
on/f9273a21_nohash_2.wav,on,f9273a21,training,16000,16000,1,1.0,32044,0.04059780389070511,target command
one/d8a5ace5_nohash_0.wav,one,d8a5ace5,training,16000,16000,1,1.0,32044,0.0363939069211483,unknown candidate
five/bbd0bbd0_nohash_4.wav,five,bbd0bbd0,training,16000,16000,1,1.0,32044,0.04372195899486542,unknown candidate
marvin/66276b0e_nohash_0.wav,marvin,66276b0e,training,16000,16000,1,1.0,32044,0.18957769870758057,unknown candidate
nine/77655bdf_nohash_1.wav,nine,77655bdf,training,16000,16000,1,1.0,32044,0.02094094268977642,unknown candidate
down/32561e9e_nohash_0.wav,down,32561e9e,training,16000,16000,1,1.0,32044,0.03353371471166611,target command
right/093f65a1_nohash_2.wav,right,093f65a1,training,16000,16000,1,1.0,32044,0.06321981549263,target command
right/97f493b9_nohash_1.wav,right,97f493b9,training,14336,16000,1,0.896,28716,0.03745325282216072,target command
nine/6a700f9d_nohash_0.wav,nine,6a700f9d,training,16000,16000,1,1.0,32044,0.02726641297340393,unknown candidate
zero/ced4e2a1_nohash_0.wav,zero,ced4e2a1,training,16000,16000,1,1.0,32044,0.18814489245414734,unknown candidate
go/d874a786_nohash_0.wav,go,d874a786,validation,15604,16000,1,0.97525,31252,0.054520949721336365,target command
go/b8872c20_nohash_1.wav,go,b8872c20,training,15702,16000,1,0.981375,31448,0.1522255390882492,target command
off/b26343e9_nohash_0.wav,off,b26343e9,training,14336,16000,1,0.896,28716,0.02741040289402008,target command
left/5a3712c9_nohash_1.wav,left,5a3712c9,training,16000,16000,1,1.0,32044,0.021816903725266457,target command
one/fb7cfe0e_nohash_1.wav,one,fb7cfe0e,training,16000,16000,1,1.0,32044,0.0024630094412714243,unknown candidate
on/e6db3894_nohash_0.wav,on,e6db3894,validation,16000,16000,1,1.0,32044,0.04143143072724342,target command
right/8eb4a1bf_nohash_1.wav,right,8eb4a1bf,training,16000,16000,1,1.0,32044,0.10333257913589478,target command
go/28612180_nohash_0.wav,go,28612180,training,16000,16000,1,1.0,32044,0.058028694242239,target command
stop/cc6ee39b_nohash_0.wav,stop,cc6ee39b,training,16000,16000,1,1.0,32044,0.020740333944559097,target command
bird/ece1a95a_nohash_0.wav,bird,ece1a95a,training,16000,16000,1,1.0,32044,0.03089800663292408,unknown candidate
seven/cb8f8307_nohash_6.wav,seven,cb8f8307,training,16000,16000,1,1.0,32044,0.07487988471984863,unknown candidate
stop/778a4a01_nohash_0.wav,stop,778a4a01,training,13654,16000,1,0.853375,27352,0.14997856318950653,target command
down/96ab6565_nohash_3.wav,down,96ab6565,training,16000,16000,1,1.0,32044,0.05055525526404381,target command
seven/0e5193e6_nohash_0.wav,seven,0e5193e6,training,16000,16000,1,1.0,32044,0.12531739473342896,unknown candidate
happy/3777c08e_nohash_0.wav,happy,3777c08e,training,16000,16000,1,1.0,32044,0.10662807524204254,unknown candidate
seven/82305c3a_nohash_0.wav,seven,82305c3a,training,16000,16000,1,1.0,32044,0.04518936574459076,unknown candidate
stop/c93d5e22_nohash_0.wav,stop,c93d5e22,training,16000,16000,1,1.0,32044,0.07297784090042114,target command
house/0c2d2ffa_nohash_2.wav,house,0c2d2ffa,training,16000,16000,1,1.0,32044,0.014469658955931664,unknown candidate
down/742d6431_nohash_3.wav,down,742d6431,training,16000,16000,1,1.0,32044,0.07821374386548996,target command
right/530306f5_nohash_1.wav,right,530306f5,training,16000,16000,1,1.0,32044,0.05736871436238289,target command
happy/ba770f9b_nohash_0.wav,happy,ba770f9b,training,16000,16000,1,1.0,32044,0.007002169732004404,unknown candidate
wow/5e1b34a6_nohash_0.wav,wow,5e1b34a6,training,16000,16000,1,1.0,32044,0.0038509077858179808,unknown candidate
eight/590750e8_nohash_0.wav,eight,590750e8,training,16000,16000,1,1.0,32044,0.055928025394678116,unknown candidate
up/6cb6eee7_nohash_0.wav,up,6cb6eee7,training,16000,16000,1,1.0,32044,0.10286329686641693,target command
one/333784b7_nohash_2.wav,one,333784b7,training,16000,16000,1,1.0,32044,0.09738530218601227,unknown candidate
off/214ccb20_nohash_0.wav,off,214ccb20,training,16000,16000,1,1.0,32044,0.07703772187232971,target command
cat/5de8f2f0_nohash_0.wav,cat,5de8f2f0,training,16000,16000,1,1.0,32044,0.03203722834587097,unknown candidate
three/c9b653a0_nohash_0.wav,three,c9b653a0,training,16000,16000,1,1.0,32044,0.09271620213985443,unknown candidate
stop/98447c43_nohash_0.wav,stop,98447c43,training,16000,16000,1,1.0,32044,0.03917529806494713,target command
off/258f4559_nohash_0.wav,off,258f4559,validation,15702,16000,1,0.981375,31448,0.04400651156902313,target command
dog/3f2b358d_nohash_0.wav,dog,3f2b358d,testing,16000,16000,1,1.0,32044,0.0008345168898813426,unknown candidate
four/c24d96eb_nohash_0.wav,four,c24d96eb,validation,16000,16000,1,1.0,32044,0.04740142449736595,unknown candidate
five/6846af18_nohash_0.wav,five,6846af18,training,16000,16000,1,1.0,32044,0.03110399842262268,unknown candidate
no/2bdbe5f7_nohash_0.wav,no,2bdbe5f7,training,16000,16000,1,1.0,32044,0.10170482099056244,target command
down/1ecfb537_nohash_4.wav,down,1ecfb537,training,16000,16000,1,1.0,32044,0.025513947010040283,target command
seven/96ab6565_nohash_4.wav,seven,96ab6565,training,16000,16000,1,1.0,32044,0.058660149574279785,unknown candidate
happy/1528225c_nohash_0.wav,happy,1528225c,testing,16000,16000,1,1.0,32044,0.005287886131554842,unknown candidate
down/e04d7130_nohash_1.wav,down,e04d7130,training,16000,16000,1,1.0,32044,0.00820958148688078,target command
three/7b2e879e_nohash_0.wav,three,7b2e879e,training,14336,16000,1,0.896,28716,0.031127294525504112,unknown candidate
up/9aa21fa9_nohash_4.wav,up,9aa21fa9,training,16000,16000,1,1.0,32044,0.07576783001422882,target command
bed/77def3ee_nohash_0.wav,bed,77def3ee,training,16000,16000,1,1.0,32044,0.04079698026180267,unknown candidate
yes/92e17cc4_nohash_0.wav,yes,92e17cc4,training,14861,16000,1,0.9288125,29766,0.030369555577635765,target command
two/b83c1acf_nohash_0.wav,two,b83c1acf,testing,16000,16000,1,1.0,32044,0.039693474769592285,unknown candidate
sheila/24ad3ebe_nohash_0.wav,sheila,24ad3ebe,testing,16000,16000,1,1.0,32044,0.00799955427646637,unknown candidate
cat/6a2fb9a5_nohash_0.wav,cat,6a2fb9a5,training,16000,16000,1,1.0,32044,0.04599945992231369,unknown candidate
eight/b11a05d2_nohash_0.wav,eight,b11a05d2,testing,16000,16000,1,1.0,32044,0.00707459868863225,unknown candidate
on/e32ff49d_nohash_0.wav,on,e32ff49d,training,16000,16000,1,1.0,32044,0.02968822419643402,target command
up/686d030b_nohash_3.wav,up,686d030b,training,16000,16000,1,1.0,32044,0.0609484426677227,target command
off/f5733968_nohash_1.wav,off,f5733968,training,16000,16000,1,1.0,32044,0.0897446870803833,target command
right/627c0bec_nohash_1.wav,right,627c0bec,training,16000,16000,1,1.0,32044,0.040740497410297394,target command
stop/de040337_nohash_0.wav,stop,de040337,training,16000,16000,1,1.0,32044,0.058534007519483566,target command
tree/55d3725a_nohash_0.wav,tree,55d3725a,training,14861,16000,1,0.9288125,29766,0.022595863789319992,unknown candidate
cat/f33660af_nohash_1.wav,cat,f33660af,training,16000,16000,1,1.0,32044,0.03201955556869507,unknown candidate
house/a19452d5_nohash_1.wav,house,a19452d5,training,16000,16000,1,1.0,32044,0.07003172487020493,unknown candidate
no/90b94017_nohash_0.wav,no,90b94017,testing,16000,16000,1,1.0,32044,0.005785949062556028,target command
dog/eb6dab4a_nohash_0.wav,dog,eb6dab4a,training,16000,16000,1,1.0,32044,0.04340807721018791,unknown candidate
dog/9a8d8d34_nohash_0.wav,dog,9a8d8d34,training,16000,16000,1,1.0,32044,0.07321829348802567,unknown candidate
off/8c4854bc_nohash_0.wav,off,8c4854bc,training,16000,16000,1,1.0,32044,0.2016141563653946,target command
down/c661be6e_nohash_1.wav,down,c661be6e,training,16000,16000,1,1.0,32044,0.11930408328771591,target command
bird/aeb99b1c_nohash_0.wav,bird,aeb99b1c,training,16000,16000,1,1.0,32044,0.009772839955985546,unknown candidate
no/2e0d80f7_nohash_0.wav,no,2e0d80f7,validation,16000,16000,1,1.0,32044,0.05588958412408829,target command
four/56eb74ae_nohash_2.wav,four,56eb74ae,validation,16000,16000,1,1.0,32044,0.11027965694665909,unknown candidate
on/15574821_nohash_0.wav,on,15574821,training,16000,16000,1,1.0,32044,0.01849663071334362,target command
off/c79159aa_nohash_3.wav,off,c79159aa,training,16000,16000,1,1.0,32044,0.11204572767019272,target command
five/86b89661_nohash_0.wav,five,86b89661,training,16000,16000,1,1.0,32044,0.0041850246489048,unknown candidate
three/d0426d63_nohash_0.wav,three,d0426d63,training,16000,16000,1,1.0,32044,0.012276715599000454,unknown candidate
marvin/b83c1acf_nohash_0.wav,marvin,b83c1acf,testing,16000,16000,1,1.0,32044,0.11372332274913788,unknown candidate
five/5db0e146_nohash_0.wav,five,5db0e146,training,16000,16000,1,1.0,32044,0.030948173254728317,unknown candidate
six/d71ad617_nohash_0.wav,six,d71ad617,training,16000,16000,1,1.0,32044,0.004684433341026306,unknown candidate
no/6d818f6c_nohash_2.wav,no,6d818f6c,validation,16000,16000,1,1.0,32044,0.2239377498626709,target command
seven/0f250098_nohash_0.wav,seven,0f250098,testing,16000,16000,1,1.0,32044,0.01944832317531109,unknown candidate
off/c6ca5d01_nohash_1.wav,off,c6ca5d01,training,16000,16000,1,1.0,32044,0.09390316158533096,target command
seven/5c237956_nohash_2.wav,seven,5c237956,training,16000,16000,1,1.0,32044,0.09735015779733658,unknown candidate
dog/7bf801d1_nohash_0.wav,dog,7bf801d1,training,16000,16000,1,1.0,32044,0.06630431115627289,unknown candidate
left/d55aa56c_nohash_0.wav,left,d55aa56c,validation,16000,16000,1,1.0,32044,0.12116675078868866,target command
on/f3d06008_nohash_0.wav,on,f3d06008,training,16000,16000,1,1.0,32044,0.3023996949195862,target command
no/7c1d8533_nohash_4.wav,no,7c1d8533,validation,16000,16000,1,1.0,32044,0.06684618443250656,target command
zero/3824c00e_nohash_1.wav,zero,3824c00e,training,16000,16000,1,1.0,32044,0.017451263964176178,unknown candidate
eight/918a2473_nohash_0.wav,eight,918a2473,training,15473,16000,1,0.9670625,30990,0.031861916184425354,unknown candidate
down/28460a60_nohash_0.wav,down,28460a60,training,16000,16000,1,1.0,32044,0.10929635167121887,target command
one/0b40aa8e_nohash_0.wav,one,0b40aa8e,training,16000,16000,1,1.0,32044,0.0338587611913681,unknown candidate
zero/1ffd513b_nohash_0.wav,zero,1ffd513b,training,16000,16000,1,1.0,32044,0.10943273454904556,unknown candidate
four/b959cd0c_nohash_3.wav,four,b959cd0c,training,16000,16000,1,1.0,32044,0.0346805639564991,unknown candidate
nine/2d92f18b_nohash_1.wav,nine,2d92f18b,training,14336,16000,1,0.896,28716,0.013782507739961147,unknown candidate
yes/7dc95912_nohash_0.wav,yes,7dc95912,testing,14861,16000,1,0.9288125,29766,0.007212772499769926,target command
one/726382d6_nohash_1.wav,one,726382d6,training,16000,16000,1,1.0,32044,0.011082660406827927,unknown candidate
up/f35eedd7_nohash_2.wav,up,f35eedd7,training,16000,16000,1,1.0,32044,0.1318228393793106,target command
sheila/d9e9f554_nohash_1.wav,sheila,d9e9f554,testing,16000,16000,1,1.0,32044,0.08019103854894638,unknown candidate
three/7fd25f7c_nohash_1.wav,three,7fd25f7c,validation,16000,16000,1,1.0,32044,0.012619372457265854,unknown candidate
five/31d68957_nohash_0.wav,five,31d68957,training,16000,16000,1,1.0,32044,0.019283564761281013,unknown candidate
left/708b8d51_nohash_1.wav,left,708b8d51,training,16000,16000,1,1.0,32044,0.13472463190555573,target command
stop/be7a5b2d_nohash_2.wav,stop,be7a5b2d,training,16000,16000,1,1.0,32044,0.10466776043176651,target command
marvin/f8f60f59_nohash_0.wav,marvin,f8f60f59,training,16000,16000,1,1.0,32044,0.0010917640756815672,unknown candidate
stop/f44f440f_nohash_0.wav,stop,f44f440f,training,12971,16000,1,0.8106875,25986,0.1014770120382309,target command
no/7cf14c54_nohash_0.wav,no,7cf14c54,training,16000,16000,1,1.0,32044,0.03235962241888046,target command
happy/1626bc5a_nohash_1.wav,happy,1626bc5a,training,16000,16000,1,1.0,32044,0.012675227597355843,unknown candidate
four/e1469561_nohash_4.wav,four,e1469561,testing,16000,16000,1,1.0,32044,0.10465170443058014,unknown candidate
zero/620ff0fa_nohash_1.wav,zero,620ff0fa,training,16000,16000,1,1.0,32044,0.03246653825044632,unknown candidate
up/28e47b1a_nohash_4.wav,up,28e47b1a,training,16000,16000,1,1.0,32044,0.076717309653759,target command
bed/4cb874bb_nohash_0.wav,bed,4cb874bb,training,16000,16000,1,1.0,32044,0.03420867770910263,unknown candidate
six/71e6ab20_nohash_0.wav,six,71e6ab20,training,16000,16000,1,1.0,32044,0.06571879237890244,unknown candidate
house/0685264e_nohash_1.wav,house,0685264e,training,16000,16000,1,1.0,32044,0.06793448328971863,unknown candidate
two/8fce59ff_nohash_2.wav,two,8fce59ff,training,16000,16000,1,1.0,32044,0.06399276852607727,unknown candidate
up/2aa787cf_nohash_3.wav,up,2aa787cf,testing,16000,16000,1,1.0,32044,0.015002387575805187,target command
tree/52e228e9_nohash_0.wav,tree,52e228e9,validation,14336,16000,1,0.896,28716,0.05408862233161926,unknown candidate
right/d0f7bef5_nohash_1.wav,right,d0f7bef5,training,16000,16000,1,1.0,32044,0.022671854123473167,target command
four/dc2222d7_nohash_0.wav,four,dc2222d7,validation,16000,16000,1,1.0,32044,0.03758271783590317,unknown candidate
five/bc196f81_nohash_1.wav,five,bc196f81,validation,16000,16000,1,1.0,32044,0.07151421904563904,unknown candidate
down/1ba20be2_nohash_0.wav,down,1ba20be2,training,16000,16000,1,1.0,32044,0.05687343329191208,target command
left/5c39594f_nohash_4.wav,left,5c39594f,training,16000,16000,1,1.0,32044,0.06981974095106125,target command
zero/ad5aeec2_nohash_1.wav,zero,ad5aeec2,training,13654,16000,1,0.853375,27352,0.03214968740940094,unknown candidate
up/274c008f_nohash_0.wav,up,274c008f,training,16000,16000,1,1.0,32044,0.10917292535305023,target command
eight/e32ff49d_nohash_1.wav,eight,e32ff49d,training,16000,16000,1,1.0,32044,0.03577303886413574,unknown candidate
down/3b8406c0_nohash_0.wav,down,3b8406c0,training,16000,16000,1,1.0,32044,0.09109067916870117,target command
down/7fd25f7c_nohash_3.wav,down,7fd25f7c,validation,16000,16000,1,1.0,32044,0.03379441052675247,target command
off/7ea032f3_nohash_4.wav,off,7ea032f3,training,16000,16000,1,1.0,32044,0.09276080876588821,target command
right/e0315cf6_nohash_3.wav,right,e0315cf6,training,16000,16000,1,1.0,32044,0.027979955077171326,target command
go/48463cbc_nohash_1.wav,go,48463cbc,training,13654,16000,1,0.853375,27352,0.14925599098205566,target command
down/c6389ab0_nohash_0.wav,down,c6389ab0,validation,16000,16000,1,1.0,32044,0.07667289674282074,target command
tree/2151b09a_nohash_1.wav,tree,2151b09a,training,16000,16000,1,1.0,32044,0.04356801137328148,unknown candidate
cat/b21f0fa4_nohash_1.wav,cat,b21f0fa4,training,16000,16000,1,1.0,32044,0.04512655735015869,unknown candidate
seven/b959cd0c_nohash_1.wav,seven,b959cd0c,training,16000,16000,1,1.0,32044,0.0018826600862666965,unknown candidate
tree/91bed2e0_nohash_1.wav,tree,91bed2e0,training,16000,16000,1,1.0,32044,0.06094152107834816,unknown candidate
three/173ce2be_nohash_1.wav,three,173ce2be,training,16000,16000,1,1.0,32044,0.030413202941417694,unknown candidate
no/8a194ee6_nohash_1.wav,no,8a194ee6,training,16000,16000,1,1.0,32044,0.03113505057990551,target command
marvin/53d5b86f_nohash_0.wav,marvin,53d5b86f,validation,16000,16000,1,1.0,32044,0.01790790446102619,unknown candidate
on/25132942_nohash_4.wav,on,25132942,training,16000,16000,1,1.0,32044,0.04839783534407616,target command
eight/27c30960_nohash_1.wav,eight,27c30960,testing,16000,16000,1,1.0,32044,0.01638113334774971,unknown candidate
four/c0445658_nohash_0.wav,four,c0445658,training,16000,16000,1,1.0,32044,0.1016746386885643,unknown candidate
bed/305776dd_nohash_0.wav,bed,305776dd,training,16000,16000,1,1.0,32044,0.06669759005308151,unknown candidate
no/9e075bf1_nohash_0.wav,no,9e075bf1,training,13375,16000,1,0.8359375,26794,0.05405108258128166,target command
left/ca4eeab0_nohash_0.wav,left,ca4eeab0,training,16000,16000,1,1.0,32044,0.048626355826854706,target command
bed/2b3f509b_nohash_0.wav,bed,2b3f509b,training,16000,16000,1,1.0,32044,0.2484985589981079,unknown candidate
four/c392e01d_nohash_0.wav,four,c392e01d,training,16000,16000,1,1.0,32044,0.11663658916950226,unknown candidate
yes/c79159aa_nohash_4.wav,yes,c79159aa,training,16000,16000,1,1.0,32044,0.10629286617040634,target command
sheila/80f056c0_nohash_0.wav,sheila,80f056c0,training,16000,16000,1,1.0,32044,0.00807200837880373,unknown candidate
cat/2a89ad5c_nohash_2.wav,cat,2a89ad5c,validation,16000,16000,1,1.0,32044,0.01788557507097721,unknown candidate
zero/27b9a84f_nohash_1.wav,zero,27b9a84f,validation,16000,16000,1,1.0,32044,0.020807338878512383,unknown candidate
six/21e8c417_nohash_0.wav,six,21e8c417,training,16000,16000,1,1.0,32044,0.008192905224859715,unknown candidate
three/748cb308_nohash_0.wav,three,748cb308,training,14861,16000,1,0.9288125,29766,0.014649087563157082,unknown candidate
five/c24d96eb_nohash_1.wav,five,c24d96eb,validation,16000,16000,1,1.0,32044,0.06609543412923813,unknown candidate
house/9190045a_nohash_2.wav,house,9190045a,validation,16000,16000,1,1.0,32044,0.07104139775037766,unknown candidate
left/cd85758f_nohash_3.wav,left,cd85758f,testing,16000,16000,1,1.0,32044,0.07278645038604736,target command
sheila/90804775_nohash_1.wav,sheila,90804775,validation,10240,16000,1,0.64,20524,0.08652275055646896,unknown candidate
four/bab36420_nohash_3.wav,four,bab36420,training,16000,16000,1,1.0,32044,0.09400269389152527,unknown candidate
bird/e32ff49d_nohash_0.wav,bird,e32ff49d,training,16000,16000,1,1.0,32044,0.06816651672124863,unknown candidate
seven/31583d30_nohash_0.wav,seven,31583d30,training,16000,16000,1,1.0,32044,0.021057307720184326,unknown candidate
nine/f21893dc_nohash_0.wav,nine,f21893dc,training,9660,16000,1,0.60375,19364,0.1335294544696808,unknown candidate
yes/9db2bfe9_nohash_0.wav,yes,9db2bfe9,validation,16000,16000,1,1.0,32044,0.08108287304639816,target command
house/36de13e1_nohash_0.wav,house,36de13e1,training,16000,16000,1,1.0,32044,0.021440351381897926,unknown candidate
sheila/a879a2c3_nohash_1.wav,sheila,a879a2c3,training,16000,16000,1,1.0,32044,0.052513573318719864,unknown candidate
seven/ba770f9b_nohash_0.wav,seven,ba770f9b,training,16000,16000,1,1.0,32044,0.004622087348252535,unknown candidate
left/cc554de3_nohash_0.wav,left,cc554de3,training,16000,16000,1,1.0,32044,0.03917849063873291,target command
three/3f2b358d_nohash_3.wav,three,3f2b358d,testing,16000,16000,1,1.0,32044,0.000944710336625576,unknown candidate
zero/412c675c_nohash_0.wav,zero,412c675c,testing,16000,16000,1,1.0,32044,0.030116213485598564,unknown candidate
five/a74f3917_nohash_1.wav,five,a74f3917,training,16000,16000,1,1.0,32044,0.07923140376806259,unknown candidate
four/e54a0f16_nohash_2.wav,four,e54a0f16,validation,16000,16000,1,1.0,32044,0.11340083181858063,unknown candidate
marvin/c6a23ff5_nohash_0.wav,marvin,c6a23ff5,training,16000,16000,1,1.0,32044,0.01914057321846485,unknown candidate
off/7ff085e1_nohash_1.wav,off,7ff085e1,training,12971,16000,1,0.8106875,25986,0.028468651697039604,target command
two/fce65496_nohash_1.wav,two,fce65496,training,16000,16000,1,1.0,32044,0.011854760348796844,unknown candidate
house/2aa787cf_nohash_0.wav,house,2aa787cf,testing,16000,16000,1,1.0,32044,0.012840249575674534,unknown candidate
zero/9a69672b_nohash_1.wav,zero,9a69672b,testing,16000,16000,1,1.0,32044,0.1786085069179535,unknown candidate
left/70a00e98_nohash_4.wav,left,70a00e98,training,16000,16000,1,1.0,32044,0.0656052753329277,target command
one/d4d898d7_nohash_0.wav,one,d4d898d7,training,16000,16000,1,1.0,32044,0.04932747036218643,unknown candidate
seven/de41f895_nohash_0.wav,seven,de41f895,training,16000,16000,1,1.0,32044,0.388128399848938,unknown candidate
four/099d52ad_nohash_3.wav,four,099d52ad,validation,16000,16000,1,1.0,32044,0.0413634292781353,unknown candidate
stop/17f0e206_nohash_0.wav,stop,17f0e206,training,16000,16000,1,1.0,32044,0.19319596886634827,target command
left/51055bda_nohash_3.wav,left,51055bda,training,16000,16000,1,1.0,32044,0.16768984496593475,target command
eight/92a9c5e6_nohash_2.wav,eight,92a9c5e6,training,16000,16000,1,1.0,32044,0.09197286516427994,unknown candidate
seven/44c201dd_nohash_1.wav,seven,44c201dd,validation,16000,16000,1,1.0,32044,0.021521979942917824,unknown candidate
on/99081f4d_nohash_0.wav,on,99081f4d,training,9660,16000,1,0.60375,19364,0.15870480239391327,target command
wow/73dda36a_nohash_2.wav,wow,73dda36a,training,16000,16000,1,1.0,32044,0.0040772962383925915,unknown candidate
house/feb1d305_nohash_0.wav,house,feb1d305,training,16000,16000,1,1.0,32044,0.04648656025528908,unknown candidate
left/b1df80c0_nohash_0.wav,left,b1df80c0,training,16000,16000,1,1.0,32044,0.036382950842380524,target command
left/d33df435_nohash_0.wav,left,d33df435,training,16000,16000,1,1.0,32044,0.01730441488325596,target command
happy/3ed3e49a_nohash_2.wav,happy,3ed3e49a,training,16000,16000,1,1.0,32044,0.042402856051921844,unknown candidate
down/5744b6a7_nohash_1.wav,down,5744b6a7,testing,16000,16000,1,1.0,32044,0.01589491404592991,target command
two/7fd25f7c_nohash_1.wav,two,7fd25f7c,validation,16000,16000,1,1.0,32044,0.025440169498324394,unknown candidate
stop/2da58b32_nohash_1.wav,stop,2da58b32,training,16000,16000,1,1.0,32044,0.035041019320487976,target command
right/8c7f81df_nohash_0.wav,right,8c7f81df,testing,16000,16000,1,1.0,32044,0.11355039477348328,target command
happy/2bd2cad5_nohash_1.wav,happy,2bd2cad5,training,13375,16000,1,0.8359375,26794,0.040013235062360764,unknown candidate
tree/26e517a4_nohash_0.wav,tree,26e517a4,training,16000,16000,1,1.0,32044,0.11938127875328064,unknown candidate
cat/340c8b10_nohash_1.wav,cat,340c8b10,training,16000,16000,1,1.0,32044,0.03776022419333458,unknown candidate
eight/efbc3952_nohash_2.wav,eight,efbc3952,training,16000,16000,1,1.0,32044,0.08223648369312286,unknown candidate
six/8f3f252c_nohash_1.wav,six,8f3f252c,training,16000,16000,1,1.0,32044,0.01763303577899933,unknown candidate
yes/70a00e98_nohash_2.wav,yes,70a00e98,training,16000,16000,1,1.0,32044,0.06417462974786758,target command
yes/042186b8_nohash_3.wav,yes,042186b8,training,16000,16000,1,1.0,32044,0.019698290154337883,target command
two/8fce59ff_nohash_1.wav,two,8fce59ff,training,16000,16000,1,1.0,32044,0.07371106743812561,unknown candidate
four/48a8a69d_nohash_2.wav,four,48a8a69d,testing,13654,16000,1,0.853375,27352,0.09319736063480377,unknown candidate
on/2bd2cad5_nohash_0.wav,on,2bd2cad5,training,8917,16000,1,0.5573125,17878,0.04592815041542053,target command
go/721f767c_nohash_0.wav,go,721f767c,training,16000,16000,1,1.0,32044,0.05991081893444061,target command
sheila/a9f38bae_nohash_0.wav,sheila,a9f38bae,validation,16000,16000,1,1.0,32044,0.10323593020439148,unknown candidate
left/64da5281_nohash_0.wav,left,64da5281,training,16000,16000,1,1.0,32044,0.1274110972881317,target command
five/fbf3dd31_nohash_2.wav,five,fbf3dd31,training,16000,16000,1,1.0,32044,0.08390668779611588,unknown candidate
up/4b39347d_nohash_0.wav,up,4b39347d,training,16000,16000,1,1.0,32044,0.08549009263515472,target command
bird/ec545975_nohash_2.wav,bird,ec545975,training,16000,16000,1,1.0,32044,0.0757330060005188,unknown candidate
zero/baeac2ba_nohash_0.wav,zero,baeac2ba,training,16000,16000,1,1.0,32044,0.01933324709534645,unknown candidate
go/333784b7_nohash_0.wav,go,333784b7,training,16000,16000,1,1.0,32044,0.11551185697317123,target command
left/59c3a7f2_nohash_1.wav,left,59c3a7f2,training,16000,16000,1,1.0,32044,0.069829061627388,target command
dog/72d75d96_nohash_0.wav,dog,72d75d96,training,16000,16000,1,1.0,32044,0.11094662547111511,unknown candidate
yes/b80d6c5e_nohash_0.wav,yes,b80d6c5e,training,16000,16000,1,1.0,32044,0.04732891172170639,target command
tree/1df99a8a_nohash_0.wav,tree,1df99a8a,training,12632,16000,1,0.7895,25308,0.15246465802192688,unknown candidate
two/0ff728b5_nohash_2.wav,two,0ff728b5,training,16000,16000,1,1.0,32044,0.04229482263326645,unknown candidate
sheila/d84829e0_nohash_0.wav,sheila,d84829e0,training,15702,16000,1,0.981375,31448,0.006508634891360998,unknown candidate
go/2da58b32_nohash_0.wav,go,2da58b32,training,16000,16000,1,1.0,32044,0.0648922324180603,target command
three/aff582a1_nohash_3.wav,three,aff582a1,training,16000,16000,1,1.0,32044,0.10884406417608261,unknown candidate
cat/a8f45bdc_nohash_0.wav,cat,a8f45bdc,training,16000,16000,1,1.0,32044,0.09491965919733047,unknown candidate
seven/7fc74fbe_nohash_0.wav,seven,7fc74fbe,training,12288,16000,1,0.768,24620,0.01902773790061474,unknown candidate
sheila/f816db77_nohash_0.wav,sheila,f816db77,training,16000,16000,1,1.0,32044,0.015083447098731995,unknown candidate
three/364c0853_nohash_0.wav,three,364c0853,validation,16000,16000,1,1.0,32044,0.15252281725406647,unknown candidate
tree/b1114e4f_nohash_1.wav,tree,b1114e4f,training,16000,16000,1,1.0,32044,0.03073871321976185,unknown candidate
zero/11860c84_nohash_1.wav,zero,11860c84,training,16000,16000,1,1.0,32044,0.03431759774684906,unknown candidate
zero/d3badc9a_nohash_1.wav,zero,d3badc9a,training,16000,16000,1,1.0,32044,0.013636504299938679,unknown candidate
seven/8c7f81df_nohash_0.wav,seven,8c7f81df,testing,16000,16000,1,1.0,32044,0.10264705866575241,unknown candidate
bird/11b1df78_nohash_0.wav,bird,11b1df78,training,16000,16000,1,1.0,32044,0.06570855528116226,unknown candidate
right/e63b69c5_nohash_0.wav,right,e63b69c5,validation,16000,16000,1,1.0,32044,0.08368389308452606,target command
yes/15574821_nohash_2.wav,yes,15574821,training,16000,16000,1,1.0,32044,0.01808573119342327,target command
down/01bb6a2a_nohash_1.wav,down,01bb6a2a,training,16000,16000,1,1.0,32044,0.02971864491701126,target command
no/b5552931_nohash_3.wav,no,b5552931,training,16000,16000,1,1.0,32044,0.04889614135026932,target command
no/9a7c1f83_nohash_3.wav,no,9a7c1f83,testing,16000,16000,1,1.0,32044,0.1191655620932579,target command
sheila/8830e17f_nohash_0.wav,sheila,8830e17f,training,16000,16000,1,1.0,32044,0.045270323753356934,unknown candidate
marvin/5f1b1051_nohash_0.wav,marvin,5f1b1051,training,16000,16000,1,1.0,32044,0.014148902148008347,unknown candidate
yes/0685264e_nohash_0.wav,yes,0685264e,training,16000,16000,1,1.0,32044,0.07971369475126266,target command
four/763188c4_nohash_1.wav,four,763188c4,training,16000,16000,1,1.0,32044,0.09749981015920639,unknown candidate
yes/39ec87ac_nohash_0.wav,yes,39ec87ac,training,16000,16000,1,1.0,32044,0.14130063354969025,target command
off/f297e878_nohash_0.wav,off,f297e878,testing,16000,16000,1,1.0,32044,0.07451334595680237,target command
go/b25b6065_nohash_1.wav,go,b25b6065,training,16000,16000,1,1.0,32044,0.011546348221600056,target command
yes/9ff2d2f4_nohash_4.wav,yes,9ff2d2f4,training,16000,16000,1,1.0,32044,0.016223834827542305,target command
left/9ff2d2f4_nohash_4.wav,left,9ff2d2f4,training,16000,16000,1,1.0,32044,0.011572194285690784,target command
down/708a9569_nohash_0.wav,down,708a9569,training,16000,16000,1,1.0,32044,0.0273171067237854,target command
five/9385508d_nohash_0.wav,five,9385508d,training,16000,16000,1,1.0,32044,0.07422668486833572,unknown candidate
eight/5e3dde6b_nohash_2.wav,eight,5e3dde6b,testing,16000,16000,1,1.0,32044,0.09903166443109512,unknown candidate
three/5c39594f_nohash_1.wav,three,5c39594f,training,16000,16000,1,1.0,32044,0.053132157772779465,unknown candidate
left/264f471d_nohash_1.wav,left,264f471d,validation,16000,16000,1,1.0,32044,0.13717566430568695,target command
stop/6940f7f3_nohash_0.wav,stop,6940f7f3,validation,16000,16000,1,1.0,32044,0.03173503279685974,target command
down/a3fc7884_nohash_1.wav,down,a3fc7884,training,16000,16000,1,1.0,32044,0.015925055369734764,target command
sheila/0c5027de_nohash_1.wav,sheila,0c5027de,training,16000,16000,1,1.0,32044,0.012827553786337376,unknown candidate
on/c2e08f08_nohash_1.wav,on,c2e08f08,training,16000,16000,1,1.0,32044,0.007246783468872309,target command
left/eee9b9e2_nohash_0.wav,left,eee9b9e2,validation,16000,16000,1,1.0,32044,0.002068341476842761,target command
four/b1df80c0_nohash_0.wav,four,b1df80c0,training,16000,16000,1,1.0,32044,0.018488232046365738,unknown candidate
one/afe0b87d_nohash_0.wav,one,afe0b87d,training,16000,16000,1,1.0,32044,0.26577621698379517,unknown candidate
bird/d9e9f554_nohash_0.wav,bird,d9e9f554,testing,16000,16000,1,1.0,32044,0.06491263210773468,unknown candidate
two/9e46cfa1_nohash_0.wav,two,9e46cfa1,training,16000,16000,1,1.0,32044,0.020920192822813988,unknown candidate
wow/fc94edb0_nohash_0.wav,wow,fc94edb0,validation,16000,16000,1,1.0,32044,0.05695318430662155,unknown candidate
bed/47565088_nohash_2.wav,bed,47565088,training,13995,16000,1,0.8746875,28034,0.026290610432624817,unknown candidate
down/96ab6565_nohash_4.wav,down,96ab6565,training,16000,16000,1,1.0,32044,0.06625243276357651,target command
four/da15e796_nohash_1.wav,four,da15e796,training,16000,16000,1,1.0,32044,0.05527122691273689,unknown candidate
nine/da584bc0_nohash_1.wav,nine,da584bc0,training,16000,16000,1,1.0,32044,0.08170828968286514,unknown candidate
house/c6ca5d01_nohash_1.wav,house,c6ca5d01,training,16000,16000,1,1.0,32044,0.09151949733495712,unknown candidate
down/a4e8a997_nohash_0.wav,down,a4e8a997,testing,16000,16000,1,1.0,32044,0.04340668395161629,target command
right/1942abd7_nohash_1.wav,right,1942abd7,validation,16000,16000,1,1.0,32044,0.011942831799387932,target command
bird/7e7f0ed6_nohash_1.wav,bird,7e7f0ed6,training,16000,16000,1,1.0,32044,0.41973233222961426,unknown candidate
nine/05cf43ef_nohash_0.wav,nine,05cf43ef,training,16000,16000,1,1.0,32044,0.03138227015733719,unknown candidate
down/ac652c60_nohash_0.wav,down,ac652c60,training,16000,16000,1,1.0,32044,0.007344825193285942,target command
tree/919d3c0e_nohash_0.wav,tree,919d3c0e,training,16000,16000,1,1.0,32044,0.02295530028641224,unknown candidate
three/5d9bb361_nohash_0.wav,three,5d9bb361,training,16000,16000,1,1.0,32044,0.019551103934645653,unknown candidate
dog/c518d1b1_nohash_0.wav,dog,c518d1b1,testing,16000,16000,1,1.0,32044,0.01947515271604061,unknown candidate
yes/637c702a_nohash_3.wav,yes,637c702a,training,13375,16000,1,0.8359375,26794,0.04357984662055969,target command
yes/b575b5fb_nohash_0.wav,yes,b575b5fb,training,16000,16000,1,1.0,32044,0.024865947663784027,target command
happy/61a9f72a_nohash_1.wav,happy,61a9f72a,training,16000,16000,1,1.0,32044,0.011400518007576466,unknown candidate
two/563aa4e6_nohash_0.wav,two,563aa4e6,testing,16000,16000,1,1.0,32044,0.09330832958221436,unknown candidate
no/a4b21cbc_nohash_1.wav,no,a4b21cbc,training,16000,16000,1,1.0,32044,0.04969160631299019,target command
sheila/5b26c81b_nohash_3.wav,sheila,5b26c81b,training,16000,16000,1,1.0,32044,0.0692262053489685,unknown candidate
nine/83957201_nohash_0.wav,nine,83957201,testing,16000,16000,1,1.0,32044,0.08801066875457764,unknown candidate
wow/e5afa9b0_nohash_2.wav,wow,e5afa9b0,training,16000,16000,1,1.0,32044,0.11494511365890503,unknown candidate
three/81a345a3_nohash_0.wav,three,81a345a3,training,16000,16000,1,1.0,32044,0.05748672038316727,unknown candidate
on/c6ee87a7_nohash_4.wav,on,c6ee87a7,validation,16000,16000,1,1.0,32044,0.027400247752666473,target command
six/3e3b65eb_nohash_1.wav,six,3e3b65eb,training,16000,16000,1,1.0,32044,0.01065574586391449,unknown candidate
four/48bdc11c_nohash_0.wav,four,48bdc11c,training,16000,16000,1,1.0,32044,0.053460367023944855,unknown candidate
go/a3502f15_nohash_3.wav,go,a3502f15,training,16000,16000,1,1.0,32044,0.13416947424411774,target command
sheila/fe5c4a7a_nohash_0.wav,sheila,fe5c4a7a,training,16000,16000,1,1.0,32044,0.0935887023806572,unknown candidate
yes/96d5276f_nohash_0.wav,yes,96d5276f,training,15604,16000,1,0.97525,31252,0.01180210243910551,target command
happy/3df9a3d4_nohash_0.wav,happy,3df9a3d4,testing,16000,16000,1,1.0,32044,0.08248931914567947,unknown candidate
seven/98447c43_nohash_0.wav,seven,98447c43,training,16000,16000,1,1.0,32044,0.04980381950736046,unknown candidate
happy/c11c1587_nohash_0.wav,happy,c11c1587,training,16000,16000,1,1.0,32044,0.030196551233530045,unknown candidate
four/b0c0197e_nohash_0.wav,four,b0c0197e,validation,16000,16000,1,1.0,32044,0.2093656063079834,unknown candidate
zero/cf8d91cf_nohash_0.wav,zero,cf8d91cf,training,16000,16000,1,1.0,32044,0.01215536892414093,unknown candidate
nine/cd7f8c1b_nohash_1.wav,nine,cd7f8c1b,training,16000,16000,1,1.0,32044,0.05166621133685112,unknown candidate
bird/a5d485dc_nohash_1.wav,bird,a5d485dc,training,16000,16000,1,1.0,32044,0.12905268371105194,unknown candidate
nine/c1d39ce8_nohash_9.wav,nine,c1d39ce8,training,16000,16000,1,1.0,32044,0.12264566868543625,unknown candidate
three/413bcfe1_nohash_0.wav,three,413bcfe1,training,16000,16000,1,1.0,32044,0.17942723631858826,unknown candidate
on/93f30cc4_nohash_0.wav,on,93f30cc4,training,16000,16000,1,1.0,32044,0.04676077887415886,target command
down/329eab8a_nohash_1.wav,down,329eab8a,training,16000,16000,1,1.0,32044,0.024878542870283127,target command
seven/2d3c8dcb_nohash_3.wav,seven,2d3c8dcb,training,16000,16000,1,1.0,32044,0.008591684512794018,unknown candidate
two/e41a903b_nohash_3.wav,two,e41a903b,testing,16000,16000,1,1.0,32044,0.09517192840576172,unknown candidate
up/36050ef3_nohash_1.wav,up,36050ef3,training,16000,16000,1,1.0,32044,0.004839140921831131,target command
six/5e3dde6b_nohash_3.wav,six,5e3dde6b,testing,16000,16000,1,1.0,32044,0.0961950421333313,unknown candidate
wow/94e6864f_nohash_0.wav,wow,94e6864f,training,16000,16000,1,1.0,32044,0.022898944094777107,unknown candidate
right/2d82a556_nohash_0.wav,right,2d82a556,testing,16000,16000,1,1.0,32044,0.024658557027578354,target command
happy/e6e29c47_nohash_1.wav,happy,e6e29c47,validation,12630,16000,1,0.789375,25304,0.02710196003317833,unknown candidate
seven/7fd25f7c_nohash_0.wav,seven,7fd25f7c,validation,16000,16000,1,1.0,32044,0.024966232478618622,unknown candidate
two/8830e17f_nohash_0.wav,two,8830e17f,training,16000,16000,1,1.0,32044,0.04819244146347046,unknown candidate
right/7195ffa6_nohash_2.wav,right,7195ffa6,validation,12288,16000,1,0.768,24620,0.042607106268405914,target command
nine/434a267c_nohash_1.wav,nine,434a267c,training,8875,16000,1,0.5546875,17794,0.17975586652755737,unknown candidate
seven/2313e093_nohash_0.wav,seven,2313e093,training,16000,16000,1,1.0,32044,0.03593499958515167,unknown candidate
five/5236848b_nohash_2.wav,five,5236848b,training,16000,16000,1,1.0,32044,0.12282439321279526,unknown candidate
cat/f9318c93_nohash_0.wav,cat,f9318c93,training,16000,16000,1,1.0,32044,0.08739960193634033,unknown candidate
off/c948d727_nohash_1.wav,off,c948d727,training,16000,16000,1,1.0,32044,0.2939658463001251,target command
one/340c8b10_nohash_0.wav,one,340c8b10,training,16000,16000,1,1.0,32044,0.04607691988348961,unknown candidate
on/cb2929ce_nohash_2.wav,on,cb2929ce,training,16000,16000,1,1.0,32044,0.012541819363832474,target command
happy/f15a354c_nohash_0.wav,happy,f15a354c,training,16000,16000,1,1.0,32044,0.07730813324451447,unknown candidate
off/439c84f4_nohash_1.wav,off,439c84f4,validation,16000,16000,1,1.0,32044,0.01941722445189953,target command
six/34881b10_nohash_0.wav,six,34881b10,training,16000,16000,1,1.0,32044,0.04216378927230835,unknown candidate
sheila/409c962a_nohash_0.wav,sheila,409c962a,validation,16000,16000,1,1.0,32044,0.07758493721485138,unknown candidate
yes/84999496_nohash_0.wav,yes,84999496,training,11889,16000,1,0.7430625,23822,0.036195289343595505,target command
dog/462e1919_nohash_0.wav,dog,462e1919,training,16000,16000,1,1.0,32044,0.10939045250415802,unknown candidate
dog/71e6ab20_nohash_0.wav,dog,71e6ab20,training,16000,16000,1,1.0,32044,0.03977270424365997,unknown candidate
zero/01bcfc0c_nohash_2.wav,zero,01bcfc0c,training,16000,16000,1,1.0,32044,0.11853845417499542,unknown candidate
off/da2c5f1b_nohash_1.wav,off,da2c5f1b,training,16000,16000,1,1.0,32044,0.0377233549952507,target command
no/8dc26a15_nohash_0.wav,no,8dc26a15,training,16000,16000,1,1.0,32044,0.036480601876974106,target command
four/5e3dde6b_nohash_2.wav,four,5e3dde6b,testing,16000,16000,1,1.0,32044,0.14192454516887665,unknown candidate
three/98582fee_nohash_0.wav,three,98582fee,training,16000,16000,1,1.0,32044,0.005970324389636517,unknown candidate
three/bcdaa7a9_nohash_1.wav,three,bcdaa7a9,training,16000,16000,1,1.0,32044,0.030213352292776108,unknown candidate
dog/be7fa0a3_nohash_1.wav,dog,be7fa0a3,training,16000,16000,1,1.0,32044,0.07579474151134491,unknown candidate
four/324210dd_nohash_0.wav,four,324210dd,training,16000,16000,1,1.0,32044,0.16506080329418182,unknown candidate
off/a1cff772_nohash_0.wav,off,a1cff772,training,16000,16000,1,1.0,32044,0.13800685107707977,target command
up/97f4c236_nohash_2.wav,up,97f4c236,testing,16000,16000,1,1.0,32044,0.07255307585000992,target command
right/de650823_nohash_1.wav,right,de650823,training,16000,16000,1,1.0,32044,0.05253036692738533,target command
six/0474c92a_nohash_1.wav,six,0474c92a,training,16000,16000,1,1.0,32044,0.03258612006902695,unknown candidate
two/c5e3817f_nohash_0.wav,two,c5e3817f,validation,13654,16000,1,0.853375,27352,0.012713920325040817,unknown candidate
sheila/0e17f595_nohash_0.wav,sheila,0e17f595,validation,16000,16000,1,1.0,32044,0.08326594531536102,unknown candidate
sheila/325a0c39_nohash_0.wav,sheila,325a0c39,training,16000,16000,1,1.0,32044,0.06564662605524063,unknown candidate
right/b8c48ffb_nohash_0.wav,right,b8c48ffb,training,16000,16000,1,1.0,32044,0.008192306384444237,target command
eight/5c39594f_nohash_1.wav,eight,5c39594f,training,16000,16000,1,1.0,32044,0.07174123823642731,unknown candidate
up/363c6bad_nohash_0.wav,up,363c6bad,training,16000,16000,1,1.0,32044,0.12231885641813278,target command
four/ceaadb24_nohash_0.wav,four,ceaadb24,training,13654,16000,1,0.853375,27352,0.03547709062695503,unknown candidate
wow/e900b652_nohash_0.wav,wow,e900b652,training,16000,16000,1,1.0,32044,0.1774129420518875,unknown candidate
on/42c6fff1_nohash_0.wav,on,42c6fff1,training,16000,16000,1,1.0,32044,0.027161501348018646,target command
eight/5b09db89_nohash_1.wav,eight,5b09db89,training,16000,16000,1,1.0,32044,0.22192849218845367,unknown candidate
off/f5c3de1b_nohash_0.wav,off,f5c3de1b,training,16000,16000,1,1.0,32044,0.2842671275138855,target command
marvin/035de8fe_nohash_0.wav,marvin,035de8fe,training,16000,16000,1,1.0,32044,0.16205821931362152,unknown candidate
one/3e31dffe_nohash_2.wav,one,3e31dffe,training,16000,16000,1,1.0,32044,0.04169953987002373,unknown candidate
off/28ef2a01_nohash_0.wav,off,28ef2a01,validation,16000,16000,1,1.0,32044,0.05323859676718712,target command
down/caf1803e_nohash_1.wav,down,caf1803e,training,16000,16000,1,1.0,32044,0.1109023243188858,target command
wow/311fde72_nohash_0.wav,wow,311fde72,training,16000,16000,1,1.0,32044,0.19480429589748383,unknown candidate
marvin/937b433e_nohash_1.wav,marvin,937b433e,training,16000,16000,1,1.0,32044,0.05913277715444565,unknown candidate
house/1b755c65_nohash_0.wav,house,1b755c65,training,16000,16000,1,1.0,32044,0.12430623918771744,unknown candidate
down/a7545b9f_nohash_0.wav,down,a7545b9f,training,16000,16000,1,1.0,32044,0.025022415444254875,target command
stop/92a9c5e6_nohash_4.wav,stop,92a9c5e6,training,16000,16000,1,1.0,32044,0.09928205609321594,target command
cat/d8c314c0_nohash_0.wav,cat,d8c314c0,training,16000,16000,1,1.0,32044,0.028421884402632713,unknown candidate
six/f4386675_nohash_0.wav,six,f4386675,training,16000,16000,1,1.0,32044,0.1298830658197403,unknown candidate
bird/b17f5ba0_nohash_0.wav,bird,b17f5ba0,validation,16000,16000,1,1.0,32044,0.014329985715448856,unknown candidate
zero/c24d96eb_nohash_0.wav,zero,c24d96eb,validation,16000,16000,1,1.0,32044,0.053563326597213745,unknown candidate
no/ad63d93c_nohash_2.wav,no,ad63d93c,validation,16000,16000,1,1.0,32044,0.1492318958044052,target command
nine/8f4c551f_nohash_4.wav,nine,8f4c551f,training,16000,16000,1,1.0,32044,0.002835749415680766,unknown candidate
off/d197e3ae_nohash_0.wav,off,d197e3ae,validation,16000,16000,1,1.0,32044,0.09362352639436722,target command
left/1f3bece8_nohash_1.wav,left,1f3bece8,testing,16000,16000,1,1.0,32044,0.0466792955994606,target command
yes/b6ebe225_nohash_1.wav,yes,b6ebe225,validation,16000,16000,1,1.0,32044,0.112176313996315,target command
wow/060cd039_nohash_0.wav,wow,060cd039,validation,16000,16000,1,1.0,32044,0.023496348410844803,unknown candidate
eight/743edf9d_nohash_0.wav,eight,743edf9d,training,16000,16000,1,1.0,32044,0.06602378934621811,unknown candidate
yes/402e2977_nohash_0.wav,yes,402e2977,training,16000,16000,1,1.0,32044,0.05892708897590637,target command
five/3ae5c04f_nohash_2.wav,five,3ae5c04f,training,16000,16000,1,1.0,32044,0.15418757498264313,unknown candidate
six/f9318c93_nohash_0.wav,six,f9318c93,training,16000,16000,1,1.0,32044,0.10695911198854446,unknown candidate
two/e82914c0_nohash_0.wav,two,e82914c0,training,16000,16000,1,1.0,32044,0.018939590081572533,unknown candidate
right/a5609cce_nohash_1.wav,right,a5609cce,training,16000,16000,1,1.0,32044,0.02873508632183075,target command
up/dabd70c2_nohash_1.wav,up,dabd70c2,training,16000,16000,1,1.0,32044,0.044838063418865204,target command
cat/2197f41c_nohash_1.wav,cat,2197f41c,training,16000,16000,1,1.0,32044,0.040372151881456375,unknown candidate
tree/d7467392_nohash_0.wav,tree,d7467392,testing,16000,16000,1,1.0,32044,0.028965534642338753,unknown candidate
two/8a325749_nohash_0.wav,two,8a325749,testing,16000,16000,1,1.0,32044,0.032058991491794586,unknown candidate
three/83c9e7e6_nohash_0.wav,three,83c9e7e6,training,16000,16000,1,1.0,32044,0.051686204969882965,unknown candidate
sheila/c1d39ce8_nohash_0.wav,sheila,c1d39ce8,training,16000,16000,1,1.0,32044,0.06972947716712952,unknown candidate
eight/8134f43f_nohash_4.wav,eight,8134f43f,training,16000,16000,1,1.0,32044,0.13320304453372955,unknown candidate
off/ad63d93c_nohash_0.wav,off,ad63d93c,validation,16000,16000,1,1.0,32044,0.04932339861989021,target command
cat/4f781a59_nohash_1.wav,cat,4f781a59,training,14861,16000,1,0.9288125,29766,0.007057805545628071,unknown candidate
stop/f35eedd7_nohash_0.wav,stop,f35eedd7,training,16000,16000,1,1.0,32044,0.13146236538887024,target command
off/3983ba0d_nohash_0.wav,off,3983ba0d,training,16000,16000,1,1.0,32044,0.07122351974248886,target command
six/da7689f1_nohash_0.wav,six,da7689f1,validation,14861,16000,1,0.9288125,29766,0.029427815228700638,unknown candidate
four/ccea893d_nohash_1.wav,four,ccea893d,validation,16000,16000,1,1.0,32044,0.12406884133815765,unknown candidate
one/e0322f2c_nohash_1.wav,one,e0322f2c,training,11146,16000,1,0.696625,22336,0.055012792348861694,unknown candidate
go/a1cff772_nohash_4.wav,go,a1cff772,training,16000,16000,1,1.0,32044,0.14574122428894043,target command
bird/611d2b50_nohash_0.wav,bird,611d2b50,training,16000,16000,1,1.0,32044,0.024106528609991074,unknown candidate
six/28497c5b_nohash_0.wav,six,28497c5b,testing,16000,16000,1,1.0,32044,0.029042327776551247,unknown candidate
right/e53139ad_nohash_4.wav,right,e53139ad,training,16000,16000,1,1.0,32044,0.043300461024045944,target command
marvin/179a61b7_nohash_0.wav,marvin,179a61b7,training,16000,16000,1,1.0,32044,0.26031020283699036,unknown candidate
stop/611d2b50_nohash_1.wav,stop,611d2b50,training,16000,16000,1,1.0,32044,0.014440871775150299,target command
left/7cbf645a_nohash_1.wav,left,7cbf645a,training,16000,16000,1,1.0,32044,0.15193994343280792,target command
up/ecd4fd45_nohash_0.wav,up,ecd4fd45,training,16000,16000,1,1.0,32044,0.011631953530013561,target command
marvin/f2dd248e_nohash_0.wav,marvin,f2dd248e,validation,16000,16000,1,1.0,32044,0.018290219828486443,unknown candidate
stop/aa48c94a_nohash_0.wav,stop,aa48c94a,testing,16000,16000,1,1.0,32044,0.017954958602786064,target command
happy/25132942_nohash_0.wav,happy,25132942,training,16000,16000,1,1.0,32044,0.0468386709690094,unknown candidate
yes/6f2f57c1_nohash_1.wav,yes,6f2f57c1,testing,16000,16000,1,1.0,32044,0.05899740010499954,target command
stop/7e6bd776_nohash_1.wav,stop,7e6bd776,training,16000,16000,1,1.0,32044,0.03963089734315872,target command
seven/b959cd0c_nohash_3.wav,seven,b959cd0c,training,16000,16000,1,1.0,32044,0.0036280739586800337,unknown candidate
two/964e8cfd_nohash_2.wav,two,964e8cfd,testing,16000,16000,1,1.0,32044,0.13477538526058197,unknown candidate
on/aa62fdad_nohash_0.wav,on,aa62fdad,training,16000,16000,1,1.0,32044,0.07312186062335968,target command
off/81a345a3_nohash_1.wav,off,81a345a3,training,16000,16000,1,1.0,32044,0.08419287949800491,target command
cat/3006c271_nohash_0.wav,cat,3006c271,training,15702,16000,1,0.981375,31448,0.055919334292411804,unknown candidate
bed/a9f38bae_nohash_0.wav,bed,a9f38bae,validation,16000,16000,1,1.0,32044,0.2104865312576294,unknown candidate
cat/7117fb6d_nohash_2.wav,cat,7117fb6d,validation,16000,16000,1,1.0,32044,0.01827116869390011,unknown candidate
three/d71ad617_nohash_0.wav,three,d71ad617,training,16000,16000,1,1.0,32044,0.019836798310279846,unknown candidate
on/e0ff1e9c_nohash_0.wav,on,e0ff1e9c,training,13654,16000,1,0.853375,27352,0.10091648250818253,target command
one/8012c69d_nohash_2.wav,one,8012c69d,training,16000,16000,1,1.0,32044,0.04502332955598831,unknown candidate
zero/264f471d_nohash_3.wav,zero,264f471d,validation,16000,16000,1,1.0,32044,0.15816450119018555,unknown candidate
up/94de6a6a_nohash_3.wav,up,94de6a6a,testing,16000,16000,1,1.0,32044,0.10860249400138855,target command
dog/1aed7c6d_nohash_1.wav,dog,1aed7c6d,validation,16000,16000,1,1.0,32044,0.06577543914318085,unknown candidate
six/6c2dd2d5_nohash_0.wav,six,6c2dd2d5,training,16000,16000,1,1.0,32044,0.0008107018657028675,unknown candidate
three/1c3f50ad_nohash_2.wav,three,1c3f50ad,training,16000,16000,1,1.0,32044,0.039989106357097626,unknown candidate
stop/e41a903b_nohash_3.wav,stop,e41a903b,testing,16000,16000,1,1.0,32044,0.06468859314918518,target command
stop/146d97db_nohash_0.wav,stop,146d97db,training,16000,16000,1,1.0,32044,0.13363759219646454,target command
up/da76aa58_nohash_0.wav,up,da76aa58,training,16000,16000,1,1.0,32044,0.03250909969210625,target command
stop/24ed94ab_nohash_1.wav,stop,24ed94ab,training,16000,16000,1,1.0,32044,0.03849774971604347,target command
right/5165cf0a_nohash_1.wav,right,5165cf0a,training,16000,16000,1,1.0,32044,0.21573232114315033,target command
house/a84dee7b_nohash_1.wav,house,a84dee7b,training,16000,16000,1,1.0,32044,0.11217870563268661,unknown candidate
one/4abb2400_nohash_0.wav,one,4abb2400,training,16000,16000,1,1.0,32044,0.05002135410904884,unknown candidate
down/6794a793_nohash_0.wav,down,6794a793,training,16000,16000,1,1.0,32044,0.03815363720059395,target command
bird/fc94edb0_nohash_1.wav,bird,fc94edb0,validation,16000,16000,1,1.0,32044,0.05491918325424194,unknown candidate
off/4abb2400_nohash_0.wav,off,4abb2400,training,16000,16000,1,1.0,32044,0.1116126999258995,target command
zero/29fb33da_nohash_3.wav,zero,29fb33da,training,16000,16000,1,1.0,32044,0.08327166736125946,unknown candidate
up/01bb6a2a_nohash_0.wav,up,01bb6a2a,training,16000,16000,1,1.0,32044,0.015893561765551567,target command
happy/652b3da7_nohash_0.wav,happy,652b3da7,training,16000,16000,1,1.0,32044,0.030453380197286606,unknown candidate
left/8f4c551f_nohash_4.wav,left,8f4c551f,training,16000,16000,1,1.0,32044,0.010602838359773159,target command
dog/1cc80e39_nohash_0.wav,dog,1cc80e39,training,16000,16000,1,1.0,32044,0.03469396010041237,unknown candidate
cat/f9af823e_nohash_1.wav,cat,f9af823e,training,16000,16000,1,1.0,32044,0.09712390601634979,unknown candidate
go/7fd25f7c_nohash_4.wav,go,7fd25f7c,validation,16000,16000,1,1.0,32044,0.0003588118124753237,target command
one/3fdafe25_nohash_1.wav,one,3fdafe25,training,16000,16000,1,1.0,32044,0.013779646717011929,unknown candidate
bird/e1469561_nohash_0.wav,bird,e1469561,testing,16000,16000,1,1.0,32044,0.16731593012809753,unknown candidate
zero/07363607_nohash_3.wav,zero,07363607,training,16000,16000,1,1.0,32044,0.05087241902947426,unknown candidate
up/c0f8f4df_nohash_0.wav,up,c0f8f4df,training,15360,16000,1,0.96,30764,0.014918635599315166,target command
left/51995cea_nohash_0.wav,left,51995cea,training,16000,16000,1,1.0,32044,0.009438591077923775,target command
three/fb9d6d23_nohash_1.wav,three,fb9d6d23,training,16000,16000,1,1.0,32044,0.123511403799057,unknown candidate
dog/e900b652_nohash_0.wav,dog,e900b652,training,16000,16000,1,1.0,32044,0.20073391497135162,unknown candidate
three/2c6446f7_nohash_0.wav,three,2c6446f7,training,14861,16000,1,0.9288125,29766,0.07370780408382416,unknown candidate
dog/9bea2ac7_nohash_0.wav,dog,9bea2ac7,training,16000,16000,1,1.0,32044,0.11884903907775879,unknown candidate
marvin/1942abd7_nohash_1.wav,marvin,1942abd7,validation,16000,16000,1,1.0,32044,0.018860312178730965,unknown candidate
no/5fadb538_nohash_3.wav,no,5fadb538,validation,16000,16000,1,1.0,32044,0.16845527291297913,target command
yes/9d7036f9_nohash_2.wav,yes,9d7036f9,training,16000,16000,1,1.0,32044,0.024177733808755875,target command
six/099d52ad_nohash_0.wav,six,099d52ad,validation,16000,16000,1,1.0,32044,0.027719924226403236,unknown candidate
five/8a5acefd_nohash_1.wav,five,8a5acefd,validation,16000,16000,1,1.0,32044,0.0319087840616703,unknown candidate
no/dea820ce_nohash_3.wav,no,dea820ce,training,16000,16000,1,1.0,32044,0.1263815462589264,target command
left/b41a92a3_nohash_1.wav,left,b41a92a3,validation,16000,16000,1,1.0,32044,0.031096503138542175,target command
nine/7211390b_nohash_4.wav,nine,7211390b,training,16000,16000,1,1.0,32044,0.08744118362665176,unknown candidate
go/4f2ab70c_nohash_0.wav,go,4f2ab70c,training,16000,16000,1,1.0,32044,0.0055690486915409565,target command
off/3d53244b_nohash_0.wav,off,3d53244b,training,16000,16000,1,1.0,32044,0.06907009333372116,target command
up/b2fbe484_nohash_1.wav,up,b2fbe484,training,16000,16000,1,1.0,32044,0.03473130613565445,target command
nine/5b09db89_nohash_1.wav,nine,5b09db89,training,16000,16000,1,1.0,32044,0.16041341423988342,unknown candidate
yes/ec201020_nohash_3.wav,yes,ec201020,training,16000,16000,1,1.0,32044,0.046483930200338364,target command
marvin/6071a214_nohash_0.wav,marvin,6071a214,validation,16000,16000,1,1.0,32044,0.048575952649116516,unknown candidate
go/fd395b74_nohash_0.wav,go,fd395b74,training,16000,16000,1,1.0,32044,0.0016747643239796162,target command
six/e0315cf6_nohash_4.wav,six,e0315cf6,training,16000,16000,1,1.0,32044,0.0163437332957983,unknown candidate
no/28ce0c58_nohash_1.wav,no,28ce0c58,training,16000,16000,1,1.0,32044,0.056716833263635635,target command
zero/7b2e879e_nohash_0.wav,zero,7b2e879e,training,16000,16000,1,1.0,32044,0.020939253270626068,unknown candidate
cat/36050ef3_nohash_1.wav,cat,36050ef3,training,16000,16000,1,1.0,32044,0.004193273838609457,unknown candidate
yes/c948d727_nohash_4.wav,yes,c948d727,training,16000,16000,1,1.0,32044,0.19781865179538727,target command
go/6cf5459b_nohash_2.wav,go,6cf5459b,training,15019,16000,1,0.9386875,30082,0.17588531970977783,target command
on/1b835b87_nohash_0.wav,on,1b835b87,training,16000,16000,1,1.0,32044,0.03477860242128372,target command
nine/bc065a17_nohash_0.wav,nine,bc065a17,training,16000,16000,1,1.0,32044,0.0857153907418251,unknown candidate
seven/c2aeb59d_nohash_0.wav,seven,c2aeb59d,training,16000,16000,1,1.0,32044,0.010748717002570629,unknown candidate
one/215699ff_nohash_0.wav,one,215699ff,training,16000,16000,1,1.0,32044,0.057027265429496765,unknown candidate
two/1093c8e7_nohash_0.wav,two,1093c8e7,testing,16000,16000,1,1.0,32044,0.08588264882564545,unknown candidate
zero/f2a90886_nohash_0.wav,zero,f2a90886,training,16000,16000,1,1.0,32044,0.014518557116389275,unknown candidate
bird/e7334395_nohash_0.wav,bird,e7334395,training,16000,16000,1,1.0,32044,0.03382115811109543,unknown candidate
seven/94de6a6a_nohash_0.wav,seven,94de6a6a,testing,16000,16000,1,1.0,32044,0.07647590339183807,unknown candidate
five/c9b653a0_nohash_3.wav,five,c9b653a0,training,16000,16000,1,1.0,32044,0.08000732213258743,unknown candidate
nine/29fb33da_nohash_2.wav,nine,29fb33da,training,16000,16000,1,1.0,32044,0.09296827018260956,unknown candidate
six/cc592808_nohash_0.wav,six,cc592808,testing,16000,16000,1,1.0,32044,0.03293085843324661,unknown candidate
right/92e17cc4_nohash_0.wav,right,92e17cc4,training,16000,16000,1,1.0,32044,0.024995675310492516,target command
eight/2d82a556_nohash_1.wav,eight,2d82a556,testing,16000,16000,1,1.0,32044,0.016011830419301987,unknown candidate
seven/b87bdb22_nohash_1.wav,seven,b87bdb22,training,16000,16000,1,1.0,32044,0.12731076776981354,unknown candidate
off/6a203e0e_nohash_0.wav,off,6a203e0e,training,16000,16000,1,1.0,32044,0.04760406166315079,target command
off/0ff728b5_nohash_3.wav,off,0ff728b5,training,16000,16000,1,1.0,32044,0.05913136526942253,target command
cat/f17be97f_nohash_0.wav,cat,f17be97f,validation,16000,16000,1,1.0,32044,0.030443454161286354,unknown candidate
stop/f17be97f_nohash_3.wav,stop,f17be97f,validation,16000,16000,1,1.0,32044,0.051945071667432785,target command
zero/b1114e4f_nohash_0.wav,zero,b1114e4f,training,16000,16000,1,1.0,32044,0.07304428517818451,unknown candidate
left/ee483d85_nohash_0.wav,left,ee483d85,training,16000,16000,1,1.0,32044,0.00720489677041769,target command
three/9712cce0_nohash_1.wav,three,9712cce0,training,16000,16000,1,1.0,32044,0.015792064368724823,unknown candidate
stop/9d050657_nohash_1.wav,stop,9d050657,training,16000,16000,1,1.0,32044,0.0077235084027051926,target command
up/9a43b64b_nohash_0.wav,up,9a43b64b,training,16000,16000,1,1.0,32044,0.0012194417649880052,target command
stop/ab1299bb_nohash_0.wav,stop,ab1299bb,validation,16000,16000,1,1.0,32044,0.03776580095291138,target command
bed/d1a4fb3f_nohash_0.wav,bed,d1a4fb3f,testing,16000,16000,1,1.0,32044,0.020673945546150208,unknown candidate
five/c1e0e8e3_nohash_2.wav,five,c1e0e8e3,training,16000,16000,1,1.0,32044,0.10070224106311798,unknown candidate
wow/e7334395_nohash_0.wav,wow,e7334395,training,15604,16000,1,0.97525,31252,0.029508618637919426,unknown candidate
sheila/a3255f5c_nohash_1.wav,sheila,a3255f5c,training,16000,16000,1,1.0,32044,0.020246107131242752,unknown candidate
no/a4baac4e_nohash_0.wav,no,a4baac4e,training,14336,16000,1,0.896,28716,0.03100230172276497,target command
four/b5d1e505_nohash_0.wav,four,b5d1e505,validation,16000,16000,1,1.0,32044,0.03300086781382561,unknown candidate
go/fcb25a78_nohash_0.wav,go,fcb25a78,training,16000,16000,1,1.0,32044,0.16415371000766754,target command
sheila/61a9f72a_nohash_0.wav,sheila,61a9f72a,training,16000,16000,1,1.0,32044,0.011797103099524975,unknown candidate
five/f953e1af_nohash_2.wav,five,f953e1af,training,16000,16000,1,1.0,32044,0.037981536239385605,unknown candidate
dog/f4f59743_nohash_0.wav,dog,f4f59743,training,16000,16000,1,1.0,32044,0.01731680892407894,unknown candidate
eight/95299b6c_nohash_1.wav,eight,95299b6c,training,16000,16000,1,1.0,32044,0.02870097942650318,unknown candidate
right/7dc50b88_nohash_0.wav,right,7dc50b88,training,16000,16000,1,1.0,32044,0.06788767874240875,target command
on/5c8af87a_nohash_2.wav,on,5c8af87a,testing,16000,16000,1,1.0,32044,0.020017210394144058,target command
left/6c968bd9_nohash_0.wav,left,6c968bd9,training,16000,16000,1,1.0,32044,0.17248623073101044,target command
stop/31e686d2_nohash_0.wav,stop,31e686d2,training,16000,16000,1,1.0,32044,0.007110734935849905,target command
cat/6414258b_nohash_3.wav,cat,6414258b,training,14336,16000,1,0.896,28716,0.04429752007126808,unknown candidate
seven/9a7c1f83_nohash_3.wav,seven,9a7c1f83,testing,16000,16000,1,1.0,32044,0.1058347076177597,unknown candidate
yes/95218ce8_nohash_0.wav,yes,95218ce8,training,16000,16000,1,1.0,32044,0.043735142797231674,target command
go/e7ea8b76_nohash_6.wav,go,e7ea8b76,training,16000,16000,1,1.0,32044,0.025390805676579475,target command
off/190821dc_nohash_0.wav,off,190821dc,training,16000,16000,1,1.0,32044,0.07522112876176834,target command
go/d5c41d6a_nohash_4.wav,go,d5c41d6a,training,16000,16000,1,1.0,32044,0.01251757238060236,target command
seven/8281a2a8_nohash_1.wav,seven,8281a2a8,training,16000,16000,1,1.0,32044,0.08552100509405136,unknown candidate
right/530306f5_nohash_0.wav,right,530306f5,training,16000,16000,1,1.0,32044,0.044507190585136414,target command
house/422d3197_nohash_0.wav,house,422d3197,testing,12971,16000,1,0.8106875,25986,0.02446291595697403,unknown candidate
on/74b73f88_nohash_1.wav,on,74b73f88,training,16000,16000,1,1.0,32044,0.01441392581909895,target command
left/fac7deca_nohash_0.wav,left,fac7deca,training,16000,16000,1,1.0,32044,0.051127661019563675,target command
seven/3402e488_nohash_2.wav,seven,3402e488,training,16000,16000,1,1.0,32044,0.021830573678016663,unknown candidate
up/71904de3_nohash_0.wav,up,71904de3,training,16000,16000,1,1.0,32044,0.02982303872704506,target command
happy/3c6d55b3_nohash_0.wav,happy,3c6d55b3,training,16000,16000,1,1.0,32044,0.003468299750238657,unknown candidate
eight/37b03ab1_nohash_2.wav,eight,37b03ab1,training,16000,16000,1,1.0,32044,0.07301746308803558,unknown candidate
nine/6f689791_nohash_0.wav,nine,6f689791,testing,16000,16000,1,1.0,32044,0.026106255128979683,unknown candidate
house/da8fa823_nohash_0.wav,house,da8fa823,training,16000,16000,1,1.0,32044,0.05747402086853981,unknown candidate
stop/d9ae8983_nohash_0.wav,stop,d9ae8983,validation,16000,16000,1,1.0,32044,0.06314723938703537,target command
off/c86d4fd4_nohash_1.wav,off,c86d4fd4,training,16000,16000,1,1.0,32044,0.012993322685360909,target command
one/96ab6565_nohash_3.wav,one,96ab6565,training,16000,16000,1,1.0,32044,0.2123344987630844,unknown candidate
house/b15fc37d_nohash_0.wav,house,b15fc37d,training,16000,16000,1,1.0,32044,0.015328697860240936,unknown candidate
off/c2aeb59d_nohash_0.wav,off,c2aeb59d,training,16000,16000,1,1.0,32044,0.011626685969531536,target command
on/e855b8f1_nohash_0.wav,on,e855b8f1,training,16000,16000,1,1.0,32044,0.020271088927984238,target command
up/7e1054e7_nohash_0.wav,up,7e1054e7,testing,16000,16000,1,1.0,32044,0.0070984577760100365,target command
right/aa753bb9_nohash_0.wav,right,aa753bb9,validation,16000,16000,1,1.0,32044,0.02596859447658062,target command
five/7c1d8533_nohash_3.wav,five,7c1d8533,validation,16000,16000,1,1.0,32044,0.08406580984592438,unknown candidate
four/b25b6065_nohash_1.wav,four,b25b6065,training,16000,16000,1,1.0,32044,0.00947767123579979,unknown candidate
down/541120c7_nohash_1.wav,down,541120c7,validation,16000,16000,1,1.0,32044,0.060332246124744415,target command
three/22aa3665_nohash_0.wav,three,22aa3665,validation,8875,16000,1,0.5546875,17794,0.09046795219182968,unknown candidate
no/f19c1390_nohash_2.wav,no,f19c1390,training,16000,16000,1,1.0,32044,0.07940900325775146,target command
go/a3502f15_nohash_0.wav,go,a3502f15,training,16000,16000,1,1.0,32044,0.08737771213054657,target command
one/65f2531f_nohash_1.wav,one,65f2531f,training,16000,16000,1,1.0,32044,0.06668426841497421,unknown candidate
down/92b0a735_nohash_0.wav,down,92b0a735,training,16000,16000,1,1.0,32044,0.22736576199531555,target command
house/f638a812_nohash_0.wav,house,f638a812,training,16000,16000,1,1.0,32044,0.39705607295036316,unknown candidate
yes/62581901_nohash_1.wav,yes,62581901,training,16000,16000,1,1.0,32044,0.05324932560324669,target command
six/0132a06d_nohash_1.wav,six,0132a06d,training,16000,16000,1,1.0,32044,0.028143635019659996,unknown candidate
eight/9229bff9_nohash_2.wav,eight,9229bff9,training,16000,16000,1,1.0,32044,0.040244441479444504,unknown candidate
marvin/ced835d3_nohash_0.wav,marvin,ced835d3,training,16000,16000,1,1.0,32044,0.000277949555311352,unknown candidate
stop/31d68957_nohash_0.wav,stop,31d68957,training,16000,16000,1,1.0,32044,0.016047975048422813,target command
four/3c8dc702_nohash_0.wav,four,3c8dc702,training,16000,16000,1,1.0,32044,0.05074583366513252,unknown candidate
go/c1d39ce8_nohash_6.wav,go,c1d39ce8,training,16000,16000,1,1.0,32044,0.1952945441007614,target command
five/7192fddc_nohash_0.wav,five,7192fddc,testing,15702,16000,1,0.981375,31448,0.09090074896812439,unknown candidate
stop/ef2578c0_nohash_0.wav,stop,ef2578c0,training,16000,16000,1,1.0,32044,0.024667663499712944,target command
seven/a331d9cb_nohash_0.wav,seven,a331d9cb,training,16000,16000,1,1.0,32044,0.04435446485877037,unknown candidate
sheila/a9abc695_nohash_1.wav,sheila,a9abc695,training,16000,16000,1,1.0,32044,0.034956540912389755,unknown candidate
bird/61d3e51e_nohash_0.wav,bird,61d3e51e,training,10923,16000,1,0.6826875,21890,0.0991324782371521,unknown candidate
go/05d18852_nohash_0.wav,go,05d18852,training,16000,16000,1,1.0,32044,0.09303697943687439,target command
cat/16db1582_nohash_1.wav,cat,16db1582,validation,16000,16000,1,1.0,32044,0.014058121480047703,unknown candidate
nine/fc2411fe_nohash_0.wav,nine,fc2411fe,training,16000,16000,1,1.0,32044,0.044804856181144714,unknown candidate
bed/c37a72d3_nohash_0.wav,bed,c37a72d3,training,16000,16000,1,1.0,32044,0.011940430849790573,unknown candidate
happy/c5e3817f_nohash_0.wav,happy,c5e3817f,validation,16000,16000,1,1.0,32044,0.013916810974478722,unknown candidate
eight/64f83f0e_nohash_1.wav,eight,64f83f0e,training,13654,16000,1,0.853375,27352,0.04997718334197998,unknown candidate
yes/cae62f38_nohash_0.wav,yes,cae62f38,training,16000,16000,1,1.0,32044,0.016234783455729485,target command
two/520e8c0e_nohash_1.wav,two,520e8c0e,training,16000,16000,1,1.0,32044,0.044916242361068726,unknown candidate
two/92a9c5e6_nohash_3.wav,two,92a9c5e6,training,16000,16000,1,1.0,32044,0.1183670163154602,unknown candidate
marvin/126403d4_nohash_2.wav,marvin,126403d4,training,16000,16000,1,1.0,32044,0.00250746076926589,unknown candidate
down/57b38f48_nohash_0.wav,down,57b38f48,training,16000,16000,1,1.0,32044,0.016725510358810425,target command
nine/b7669804_nohash_0.wav,nine,b7669804,training,16000,16000,1,1.0,32044,0.0025474913418293,unknown candidate
yes/21307344_nohash_0.wav,yes,21307344,training,16000,16000,1,1.0,32044,0.003691409481689334,target command
no/364f979f_nohash_1.wav,no,364f979f,training,16000,16000,1,1.0,32044,0.09359561651945114,target command
zero/712e4d58_nohash_0.wav,zero,712e4d58,training,16000,16000,1,1.0,32044,0.011280396021902561,unknown candidate
down/daf230ac_nohash_0.wav,down,daf230ac,testing,16000,16000,1,1.0,32044,0.02952774427831173,target command
eight/2bdbe5f7_nohash_3.wav,eight,2bdbe5f7,training,16000,16000,1,1.0,32044,0.07154828310012817,unknown candidate
down/d5a9020e_nohash_0.wav,down,d5a9020e,training,16000,16000,1,1.0,32044,0.05783159285783768,target command
four/1a673010_nohash_0.wav,four,1a673010,training,16000,16000,1,1.0,32044,0.08246765285730362,unknown candidate
up/b3bb4dd6_nohash_1.wav,up,b3bb4dd6,training,16000,16000,1,1.0,32044,0.039255689829587936,target command
bed/9ab86dd0_nohash_0.wav,bed,9ab86dd0,training,16000,16000,1,1.0,32044,0.017707709223031998,unknown candidate
zero/3477fab6_nohash_1.wav,zero,3477fab6,training,16000,16000,1,1.0,32044,0.02544618770480156,unknown candidate
house/d9d6559e_nohash_0.wav,house,d9d6559e,training,16000,16000,1,1.0,32044,0.04807472974061966,unknown candidate
four/721f767c_nohash_0.wav,four,721f767c,training,16000,16000,1,1.0,32044,0.04145004600286484,unknown candidate
nine/529eda42_nohash_0.wav,nine,529eda42,training,16000,16000,1,1.0,32044,0.03895207494497299,unknown candidate
four/3bfd30e6_nohash_4.wav,four,3bfd30e6,training,16000,16000,1,1.0,32044,0.032345306128263474,unknown candidate
up/b87bdb22_nohash_2.wav,up,b87bdb22,training,16000,16000,1,1.0,32044,0.07575301080942154,target command
down/b55a09be_nohash_0.wav,down,b55a09be,training,16000,16000,1,1.0,32044,0.025624265894293785,target command
cat/af130f12_nohash_0.wav,cat,af130f12,testing,16000,16000,1,1.0,32044,0.04729743301868439,unknown candidate
tree/7106d229_nohash_0.wav,tree,7106d229,training,16000,16000,1,1.0,32044,0.0042513529770076275,unknown candidate
off/aba19127_nohash_0.wav,off,aba19127,training,16000,16000,1,1.0,32044,0.08925360441207886,target command
nine/50033893_nohash_0.wav,nine,50033893,testing,16000,16000,1,1.0,32044,0.06412790715694427,unknown candidate
happy/f216055e_nohash_0.wav,happy,f216055e,training,16000,16000,1,1.0,32044,0.07371200621128082,unknown candidate
tree/ff63ab0b_nohash_0.wav,tree,ff63ab0b,training,16000,16000,1,1.0,32044,0.03466113284230232,unknown candidate
five/66276b0e_nohash_0.wav,five,66276b0e,training,16000,16000,1,1.0,32044,0.15341147780418396,unknown candidate
dog/26b28ea7_nohash_0.wav,dog,26b28ea7,testing,16000,16000,1,1.0,32044,0.04102126881480217,unknown candidate
two/96ab6565_nohash_2.wav,two,96ab6565,training,16000,16000,1,1.0,32044,0.06907796114683151,unknown candidate
seven/71aa5b54_nohash_0.wav,seven,71aa5b54,training,16000,16000,1,1.0,32044,0.0310058631002903,unknown candidate
happy/408de0a4_nohash_2.wav,happy,408de0a4,training,16000,16000,1,1.0,32044,0.09528952091932297,unknown candidate
marvin/c0e8f5a1_nohash_0.wav,marvin,c0e8f5a1,training,16000,16000,1,1.0,32044,0.11373245716094971,unknown candidate
seven/8843b25f_nohash_0.wav,seven,8843b25f,validation,16000,16000,1,1.0,32044,0.007811389863491058,unknown candidate
eight/80fe1dc7_nohash_1.wav,eight,80fe1dc7,training,16000,16000,1,1.0,32044,0.007092071697115898,unknown candidate
right/d1d3e64d_nohash_1.wav,right,d1d3e64d,training,16000,16000,1,1.0,32044,0.06893264502286911,target command
two/9f22307d_nohash_1.wav,two,9f22307d,training,16000,16000,1,1.0,32044,0.02210753783583641,unknown candidate
four/39a6b995_nohash_0.wav,four,39a6b995,training,16000,16000,1,1.0,32044,0.020137004554271698,unknown candidate
two/7f74626f_nohash_1.wav,two,7f74626f,training,16000,16000,1,1.0,32044,0.1703709363937378,unknown candidate
left/d197e3ae_nohash_0.wav,left,d197e3ae,validation,16000,16000,1,1.0,32044,0.06928116083145142,target command
two/2c7c33e8_nohash_1.wav,two,2c7c33e8,training,16000,16000,1,1.0,32044,0.05110764130949974,unknown candidate
off/29fb33da_nohash_1.wav,off,29fb33da,training,16000,16000,1,1.0,32044,0.1181853786110878,target command
five/e0315cf6_nohash_3.wav,five,e0315cf6,training,16000,16000,1,1.0,32044,0.0357254222035408,unknown candidate
two/5fc3ed24_nohash_1.wav,two,5fc3ed24,training,16000,16000,1,1.0,32044,0.017992420122027397,unknown candidate
nine/bed06fac_nohash_0.wav,nine,bed06fac,testing,16000,16000,1,1.0,32044,0.03943736106157303,unknown candidate
bed/50033893_nohash_1.wav,bed,50033893,testing,16000,16000,1,1.0,32044,0.07438135147094727,unknown candidate
nine/7fd25f7c_nohash_1.wav,nine,7fd25f7c,validation,16000,16000,1,1.0,32044,0.02558673545718193,unknown candidate
zero/86f12ac0_nohash_0.wav,zero,86f12ac0,training,16000,16000,1,1.0,32044,0.1701032519340515,unknown candidate
go/06a79a03_nohash_1.wav,go,06a79a03,training,16000,16000,1,1.0,32044,0.03303929418325424,target command
house/dff327c5_nohash_0.wav,house,dff327c5,training,16000,16000,1,1.0,32044,0.040262624621391296,unknown candidate
four/28e47b1a_nohash_0.wav,four,28e47b1a,training,16000,16000,1,1.0,32044,0.08601593971252441,unknown candidate
two/6e2ef3d5_nohash_0.wav,two,6e2ef3d5,training,16000,16000,1,1.0,32044,0.08228669315576553,unknown candidate
marvin/1093c8e7_nohash_0.wav,marvin,1093c8e7,testing,16000,16000,1,1.0,32044,0.09518684446811676,unknown candidate
down/d90b4138_nohash_2.wav,down,d90b4138,training,16000,16000,1,1.0,32044,0.022638728842139244,target command
happy/8ff44869_nohash_1.wav,happy,8ff44869,training,16000,16000,1,1.0,32044,0.06445055454969406,unknown candidate
tree/bfb10243_nohash_0.wav,tree,bfb10243,training,13654,16000,1,0.853375,27352,0.05630200728774071,unknown candidate
stop/51055bda_nohash_2.wav,stop,51055bda,training,16000,16000,1,1.0,32044,0.09970003366470337,target command
right/8e05039f_nohash_1.wav,right,8e05039f,training,16000,16000,1,1.0,32044,0.1292429268360138,target command
marvin/08ab8082_nohash_0.wav,marvin,08ab8082,training,16000,16000,1,1.0,32044,0.12203967571258545,unknown candidate
stop/a6d586b7_nohash_0.wav,stop,a6d586b7,validation,16000,16000,1,1.0,32044,0.01855713501572609,target command
zero/db43cd03_nohash_0.wav,zero,db43cd03,validation,16000,16000,1,1.0,32044,0.05726036801934242,unknown candidate
stop/1c45ceb2_nohash_2.wav,stop,1c45ceb2,training,16000,16000,1,1.0,32044,0.1248796358704567,target command
happy/89ed36ab_nohash_0.wav,happy,89ed36ab,training,14336,16000,1,0.896,28716,0.06820237636566162,unknown candidate
nine/8d5d076d_nohash_0.wav,nine,8d5d076d,training,16000,16000,1,1.0,32044,0.04206579178571701,unknown candidate
down/d94eb94f_nohash_1.wav,down,d94eb94f,training,16000,16000,1,1.0,32044,0.09562999755144119,target command
yes/3a7d8872_nohash_0.wav,yes,3a7d8872,training,16000,16000,1,1.0,32044,0.03615391626954079,target command
nine/333784b7_nohash_4.wav,nine,333784b7,training,16000,16000,1,1.0,32044,0.0659489780664444,unknown candidate
off/44715c1c_nohash_0.wav,off,44715c1c,testing,16000,16000,1,1.0,32044,0.18705977499485016,target command
nine/6f689791_nohash_1.wav,nine,6f689791,testing,16000,16000,1,1.0,32044,0.025140516459941864,unknown candidate
seven/97f4c236_nohash_0.wav,seven,97f4c236,testing,16000,16000,1,1.0,32044,0.06839883327484131,unknown candidate
go/0c2ca723_nohash_1.wav,go,0c2ca723,training,16000,16000,1,1.0,32044,0.19006426632404327,target command
go/c93d5e22_nohash_3.wav,go,c93d5e22,training,16000,16000,1,1.0,32044,0.12920856475830078,target command
wow/73124b26_nohash_1.wav,wow,73124b26,training,16000,16000,1,1.0,32044,0.07838992029428482,unknown candidate
yes/8d9cc260_nohash_1.wav,yes,8d9cc260,training,16000,16000,1,1.0,32044,0.03436627984046936,target command
five/2bfe70ef_nohash_0.wav,five,2bfe70ef,training,16000,16000,1,1.0,32044,0.03638053685426712,unknown candidate
house/014f9f65_nohash_0.wav,house,014f9f65,training,16000,16000,1,1.0,32044,0.02780749835073948,unknown candidate
bird/6f342826_nohash_0.wav,bird,6f342826,training,16000,16000,1,1.0,32044,0.009326960891485214,unknown candidate
up/7ea032f3_nohash_2.wav,up,7ea032f3,training,16000,16000,1,1.0,32044,0.07152749598026276,target command
two/bd8412df_nohash_1.wav,two,bd8412df,training,16000,16000,1,1.0,32044,0.06986882537603378,unknown candidate
wow/d312f481_nohash_0.wav,wow,d312f481,training,16000,16000,1,1.0,32044,0.09127611666917801,unknown candidate
seven/cc6bae0d_nohash_0.wav,seven,cc6bae0d,validation,16000,16000,1,1.0,32044,0.0019931618589907885,unknown candidate
cat/d571f9d7_nohash_0.wav,cat,d571f9d7,training,16000,16000,1,1.0,32044,0.1822666972875595,unknown candidate
tree/de4f7798_nohash_1.wav,tree,de4f7798,training,16000,16000,1,1.0,32044,0.07798641920089722,unknown candidate
four/bd11c654_nohash_0.wav,four,bd11c654,training,16000,16000,1,1.0,32044,0.046842340379953384,unknown candidate
bird/7bae88ed_nohash_1.wav,bird,7bae88ed,testing,16000,16000,1,1.0,32044,0.05775374546647072,unknown candidate
up/cc554de3_nohash_3.wav,up,cc554de3,training,16000,16000,1,1.0,32044,0.03118208609521389,target command
eight/e4b02540_nohash_0.wav,eight,e4b02540,training,16000,16000,1,1.0,32044,0.062160201370716095,unknown candidate
one/6f342826_nohash_1.wav,one,6f342826,training,16000,16000,1,1.0,32044,0.007728059776127338,unknown candidate
nine/c5e3817f_nohash_0.wav,nine,c5e3817f,validation,16000,16000,1,1.0,32044,0.018125301226973534,unknown candidate
left/da584bc0_nohash_2.wav,left,da584bc0,training,16000,16000,1,1.0,32044,0.05650802329182625,target command
yes/17f0e206_nohash_0.wav,yes,17f0e206,training,16000,16000,1,1.0,32044,0.18004123866558075,target command
go/7c1d8533_nohash_2.wav,go,7c1d8533,validation,16000,16000,1,1.0,32044,0.07534719258546829,target command
down/c84f9b5c_nohash_0.wav,down,c84f9b5c,training,16000,16000,1,1.0,32044,0.007670420687645674,target command
eight/b49caed3_nohash_1.wav,eight,b49caed3,testing,16000,16000,1,1.0,32044,0.08084867894649506,unknown candidate
off/b12bef84_nohash_1.wav,off,b12bef84,training,16000,16000,1,1.0,32044,0.026070432737469673,target command
zero/ac899eb7_nohash_0.wav,zero,ac899eb7,training,16000,16000,1,1.0,32044,0.17770670354366302,unknown candidate
bird/e04d7130_nohash_1.wav,bird,e04d7130,training,16000,16000,1,1.0,32044,0.012039593420922756,unknown candidate
two/f34e6f44_nohash_0.wav,two,f34e6f44,validation,16000,16000,1,1.0,32044,0.041163817048072815,unknown candidate
house/27b9a84f_nohash_0.wav,house,27b9a84f,validation,16000,16000,1,1.0,32044,0.007206053007394075,unknown candidate
zero/b3bdded5_nohash_0.wav,zero,b3bdded5,training,16000,16000,1,1.0,32044,0.050226401537656784,unknown candidate
no/3bfd30e6_nohash_1.wav,no,3bfd30e6,training,16000,16000,1,1.0,32044,0.038974955677986145,target command
happy/1942abd7_nohash_1.wav,happy,1942abd7,validation,16000,16000,1,1.0,32044,0.017400139942765236,unknown candidate
eight/15c563d7_nohash_2.wav,eight,15c563d7,training,16000,16000,1,1.0,32044,0.07626387476921082,unknown candidate
zero/8b775397_nohash_0.wav,zero,8b775397,validation,16000,16000,1,1.0,32044,0.12342874705791473,unknown candidate
six/333784b7_nohash_4.wav,six,333784b7,training,16000,16000,1,1.0,32044,0.08984484523534775,unknown candidate
up/8281a2a8_nohash_1.wav,up,8281a2a8,training,16000,16000,1,1.0,32044,0.03561345487833023,target command
sheila/9e075bf1_nohash_0.wav,sheila,9e075bf1,training,11889,16000,1,0.7430625,23822,0.07485886663198471,unknown candidate
four/be7a5b2d_nohash_1.wav,four,be7a5b2d,training,16000,16000,1,1.0,32044,0.1669674515724182,unknown candidate
house/d85270c1_nohash_0.wav,house,d85270c1,training,12971,16000,1,0.8106875,25986,0.12211454659700394,unknown candidate
up/61e50f62_nohash_0.wav,up,61e50f62,training,16000,16000,1,1.0,32044,0.0645100325345993,target command
zero/a42a88ff_nohash_0.wav,zero,a42a88ff,training,16000,16000,1,1.0,32044,0.5783499479293823,unknown candidate
four/f33660af_nohash_0.wav,four,f33660af,training,16000,16000,1,1.0,32044,0.037198156118392944,unknown candidate
five/a5d485dc_nohash_0.wav,five,a5d485dc,training,16000,16000,1,1.0,32044,0.10733026266098022,unknown candidate
house/d3a18257_nohash_0.wav,house,d3a18257,training,16000,16000,1,1.0,32044,0.013461322523653507,unknown candidate
on/d197e3ae_nohash_4.wav,on,d197e3ae,validation,16000,16000,1,1.0,32044,0.08893226832151413,target command
stop/bb31b82b_nohash_1.wav,stop,bb31b82b,testing,16000,16000,1,1.0,32044,0.01041195634752512,target command
left/c93d5e22_nohash_3.wav,left,c93d5e22,training,16000,16000,1,1.0,32044,0.08973481506109238,target command
bird/92b2bf59_nohash_1.wav,bird,92b2bf59,training,16000,16000,1,1.0,32044,0.10546135902404785,unknown candidate
wow/db7c95b0_nohash_0.wav,wow,db7c95b0,training,13375,16000,1,0.8359375,26794,0.02132509835064411,unknown candidate
right/8a1c449e_nohash_0.wav,right,8a1c449e,training,16000,16000,1,1.0,32044,0.08495143055915833,target command
nine/32efce64_nohash_1.wav,nine,32efce64,training,16000,16000,1,1.0,32044,0.06898791342973709,unknown candidate
zero/1b835b87_nohash_0.wav,zero,1b835b87,training,16000,16000,1,1.0,32044,0.026856854557991028,unknown candidate
up/656e8bb3_nohash_0.wav,up,656e8bb3,training,16000,16000,1,1.0,32044,0.04896010458469391,target command
off/df1d5024_nohash_0.wav,off,df1d5024,training,16000,16000,1,1.0,32044,0.022406157106161118,target command
zero/8134f43f_nohash_1.wav,zero,8134f43f,training,16000,16000,1,1.0,32044,0.1283353567123413,unknown candidate
go/f17be97f_nohash_1.wav,go,f17be97f,validation,16000,16000,1,1.0,32044,0.11690164357423782,target command
yes/51055bda_nohash_1.wav,yes,51055bda,training,16000,16000,1,1.0,32044,0.10729839652776718,target command
no/ccf418a5_nohash_0.wav,no,ccf418a5,training,16000,16000,1,1.0,32044,0.0030207489617168903,target command
dog/c392e01d_nohash_1.wav,dog,c392e01d,training,16000,16000,1,1.0,32044,0.13937395811080933,unknown candidate
on/b49caed3_nohash_1.wav,on,b49caed3,testing,16000,16000,1,1.0,32044,0.09142476320266724,target command
bird/8a28231e_nohash_1.wav,bird,8a28231e,training,16000,16000,1,1.0,32044,0.08144751936197281,unknown candidate
on/cf8d91cf_nohash_0.wav,on,cf8d91cf,training,16000,16000,1,1.0,32044,0.010591289028525352,target command
yes/ab7b5acd_nohash_0.wav,yes,ab7b5acd,validation,16000,16000,1,1.0,32044,0.1629256010055542,target command
no/b49caed3_nohash_1.wav,no,b49caed3,testing,16000,16000,1,1.0,32044,0.09861992299556732,target command
bird/53d5b86f_nohash_0.wav,bird,53d5b86f,validation,16000,16000,1,1.0,32044,0.0132797472178936,unknown candidate
bird/4954abe8_nohash_2.wav,bird,4954abe8,training,8192,16000,1,0.512,16428,0.02457461878657341,unknown candidate
dog/c6389ab0_nohash_0.wav,dog,c6389ab0,validation,16000,16000,1,1.0,32044,0.09311909973621368,unknown candidate
yes/6c2dd2d5_nohash_0.wav,yes,6c2dd2d5,training,16000,16000,1,1.0,32044,0.0016711700009182096,target command
sheila/53458368_nohash_0.wav,sheila,53458368,training,16000,16000,1,1.0,32044,0.010793507099151611,unknown candidate
no/0c2d2ffa_nohash_1.wav,no,0c2d2ffa,training,16000,16000,1,1.0,32044,0.01698113977909088,target command
nine/e53139ad_nohash_4.wav,nine,e53139ad,training,16000,16000,1,1.0,32044,0.042128339409828186,unknown candidate
go/a50a98d2_nohash_0.wav,go,a50a98d2,training,16000,16000,1,1.0,32044,0.21423056721687317,target command
up/3f170018_nohash_2.wav,up,3f170018,testing,16000,16000,1,1.0,32044,0.12143382430076599,target command
left/74b73f88_nohash_1.wav,left,74b73f88,training,16000,16000,1,1.0,32044,0.014700476080179214,target command
off/a42a88ff_nohash_0.wav,off,a42a88ff,training,16000,16000,1,1.0,32044,0.45010942220687866,target command
six/421ed23f_nohash_0.wav,six,421ed23f,training,16000,16000,1,1.0,32044,0.018081266433000565,unknown candidate
wow/56eb74ae_nohash_0.wav,wow,56eb74ae,validation,16000,16000,1,1.0,32044,0.08780042827129364,unknown candidate
sheila/7eee5973_nohash_0.wav,sheila,7eee5973,validation,16000,16000,1,1.0,32044,0.03725112974643707,unknown candidate
one/f19d1738_nohash_2.wav,one,f19d1738,training,16000,16000,1,1.0,32044,0.046807773411273956,unknown candidate
no/3efa7ec4_nohash_0.wav,no,3efa7ec4,training,16000,16000,1,1.0,32044,0.046089306473731995,target command
bed/b97c9f77_nohash_0.wav,bed,b97c9f77,testing,16000,16000,1,1.0,32044,0.12386482954025269,unknown candidate
stop/7846fd85_nohash_1.wav,stop,7846fd85,training,16000,16000,1,1.0,32044,0.10559152811765671,target command
four/c37a72d3_nohash_1.wav,four,c37a72d3,training,16000,16000,1,1.0,32044,0.009835234843194485,unknown candidate
seven/863880b7_nohash_1.wav,seven,863880b7,testing,16000,16000,1,1.0,32044,0.011477015912532806,unknown candidate
four/888a0c49_nohash_3.wav,four,888a0c49,training,16000,16000,1,1.0,32044,0.0983579233288765,unknown candidate
eight/ea1f888c_nohash_2.wav,eight,ea1f888c,training,12971,16000,1,0.8106875,25986,0.05128007009625435,unknown candidate
wow/553f1a79_nohash_0.wav,wow,553f1a79,testing,16000,16000,1,1.0,32044,0.03926622495055199,unknown candidate
five/130d9a87_nohash_0.wav,five,130d9a87,training,16000,16000,1,1.0,32044,0.024275509640574455,unknown candidate
happy/520b2c17_nohash_0.wav,happy,520b2c17,training,16000,16000,1,1.0,32044,0.007187484763562679,unknown candidate
one/b9515bf3_nohash_1.wav,one,b9515bf3,training,16000,16000,1,1.0,32044,0.034067146480083466,unknown candidate
marvin/e7ebf59c_nohash_0.wav,marvin,e7ebf59c,training,16000,16000,1,1.0,32044,0.13926108181476593,unknown candidate
happy/5195f0ec_nohash_0.wav,happy,5195f0ec,training,16000,16000,1,1.0,32044,0.01215662807226181,unknown candidate
marvin/1eddce1d_nohash_0.wav,marvin,1eddce1d,training,16000,16000,1,1.0,32044,0.030490312725305557,unknown candidate
no/5628d7b7_nohash_1.wav,no,5628d7b7,training,16000,16000,1,1.0,32044,0.022544000297784805,target command
stop/471a0925_nohash_1.wav,stop,471a0925,validation,16000,16000,1,1.0,32044,0.04557427391409874,target command
no/a6d586b7_nohash_3.wav,no,a6d586b7,validation,16000,16000,1,1.0,32044,0.023418234661221504,target command
down/3e31dffe_nohash_4.wav,down,3e31dffe,training,16000,16000,1,1.0,32044,0.035020481795072556,target command
right/89ed36ab_nohash_0.wav,right,89ed36ab,training,10923,16000,1,0.6826875,21890,0.0834084078669548,target command
left/b83c1acf_nohash_0.wav,left,b83c1acf,testing,16000,16000,1,1.0,32044,0.06600356847047806,target command
yes/234ab0fb_nohash_1.wav,yes,234ab0fb,training,16000,16000,1,1.0,32044,0.006023306865245104,target command
eight/b7a0754f_nohash_0.wav,eight,b7a0754f,training,16000,16000,1,1.0,32044,0.05726584419608116,unknown candidate
sheila/5be23def_nohash_0.wav,sheila,5be23def,training,16000,16000,1,1.0,32044,0.05096365511417389,unknown candidate
three/dca2797e_nohash_4.wav,three,dca2797e,validation,16000,16000,1,1.0,32044,0.023031961172819138,unknown candidate
down/aa233654_nohash_0.wav,down,aa233654,testing,16000,16000,1,1.0,32044,0.014865999110043049,target command
up/92a9c5e6_nohash_4.wav,up,92a9c5e6,training,16000,16000,1,1.0,32044,0.07778722792863846,target command
wow/aa62fdad_nohash_1.wav,wow,aa62fdad,training,16000,16000,1,1.0,32044,0.025443226099014282,unknown candidate
eight/72198b96_nohash_1.wav,eight,72198b96,training,16000,16000,1,1.0,32044,0.0011225229827687144,unknown candidate
eight/f92e49f3_nohash_1.wav,eight,f92e49f3,training,16000,16000,1,1.0,32044,0.08563018590211868,unknown candidate
four/7846fd85_nohash_4.wav,four,7846fd85,training,16000,16000,1,1.0,32044,0.13287484645843506,unknown candidate
down/d8c52371_nohash_0.wav,down,d8c52371,training,16000,16000,1,1.0,32044,0.03062453866004944,target command
bed/8a28231e_nohash_1.wav,bed,8a28231e,training,16000,16000,1,1.0,32044,0.08237871527671814,unknown candidate
cat/d874a786_nohash_1.wav,cat,d874a786,validation,16000,16000,1,1.0,32044,0.04979601129889488,unknown candidate
five/6f5b4d3d_nohash_0.wav,five,6f5b4d3d,validation,16000,16000,1,1.0,32044,0.051116377115249634,unknown candidate
two/7add4c5f_nohash_0.wav,two,7add4c5f,testing,15702,16000,1,0.981375,31448,0.014927969314157963,unknown candidate
six/55d3725a_nohash_0.wav,six,55d3725a,training,16000,16000,1,1.0,32044,0.02195042185485363,unknown candidate
stop/96c66ab7_nohash_0.wav,stop,96c66ab7,training,16000,16000,1,1.0,32044,0.0341331884264946,target command
two/9799379a_nohash_0.wav,two,9799379a,training,12288,16000,1,0.768,24620,0.0009308450389653444,unknown candidate
yes/6c429c7b_nohash_3.wav,yes,6c429c7b,training,16000,16000,1,1.0,32044,0.053862765431404114,target command
tree/b63fea9e_nohash_1.wav,tree,b63fea9e,training,16000,16000,1,1.0,32044,0.026654290035367012,unknown candidate
three/c245d3d7_nohash_0.wav,three,c245d3d7,training,16000,16000,1,1.0,32044,0.08295818418264389,unknown candidate
no/735845ab_nohash_0.wav,no,735845ab,training,16000,16000,1,1.0,32044,0.017040017992258072,target command
wow/7318280c_nohash_0.wav,wow,7318280c,training,16000,16000,1,1.0,32044,0.11464428156614304,unknown candidate
on/67fcdb05_nohash_1.wav,on,67fcdb05,training,14861,16000,1,0.9288125,29766,0.026972385123372078,target command
three/bab36420_nohash_2.wav,three,bab36420,training,16000,16000,1,1.0,32044,0.07537722587585449,unknown candidate
stop/2313e093_nohash_0.wav,stop,2313e093,training,10923,16000,1,0.6826875,21890,0.0247506033629179,target command
yes/7910d292_nohash_0.wav,yes,7910d292,training,16000,16000,1,1.0,32044,0.04703351482748985,target command
tree/f104f742_nohash_2.wav,tree,f104f742,training,16000,16000,1,1.0,32044,0.019664324820041656,unknown candidate
yes/ae927455_nohash_0.wav,yes,ae927455,validation,16000,16000,1,1.0,32044,0.022761451080441475,target command
go/264f471d_nohash_0.wav,go,264f471d,validation,16000,16000,1,1.0,32044,0.1361364722251892,target command
six/16db1582_nohash_0.wav,six,16db1582,validation,14861,16000,1,0.9288125,29766,0.017765341326594353,unknown candidate
happy/96c88089_nohash_0.wav,happy,96c88089,training,16000,16000,1,1.0,32044,0.040270693600177765,unknown candidate
two/20174140_nohash_0.wav,two,20174140,training,16000,16000,1,1.0,32044,0.027062946930527687,unknown candidate
down/d90b4138_nohash_4.wav,down,d90b4138,training,16000,16000,1,1.0,32044,0.015837687999010086,target command
left/35d1b6ee_nohash_4.wav,left,35d1b6ee,training,16000,16000,1,1.0,32044,0.06770056486129761,target command
eight/611d2b50_nohash_2.wav,eight,611d2b50,training,16000,16000,1,1.0,32044,0.018962305039167404,unknown candidate
three/b5552931_nohash_3.wav,three,b5552931,training,16000,16000,1,1.0,32044,0.06949059665203094,unknown candidate
up/118261a9_nohash_0.wav,up,118261a9,training,16000,16000,1,1.0,32044,0.06953585147857666,target command
two/e53139ad_nohash_0.wav,two,e53139ad,training,16000,16000,1,1.0,32044,0.034409746527671814,unknown candidate
dog/d0858dce_nohash_0.wav,dog,d0858dce,training,12288,16000,1,0.768,24620,0.16825126111507416,unknown candidate
off/014f9f65_nohash_0.wav,off,014f9f65,training,15702,16000,1,0.981375,31448,0.024081379175186157,target command
bird/fde2dee7_nohash_0.wav,bird,fde2dee7,validation,12632,16000,1,0.7895,25308,0.03451424837112427,unknown candidate
no/748cb308_nohash_0.wav,no,748cb308,training,16000,16000,1,1.0,32044,0.012737525627017021,target command
tree/6166ae21_nohash_1.wav,tree,6166ae21,training,16000,16000,1,1.0,32044,0.013589522801339626,unknown candidate
sheila/329eab8a_nohash_0.wav,sheila,329eab8a,training,16000,16000,1,1.0,32044,0.017867036163806915,unknown candidate
house/ec5ab5d5_nohash_2.wav,house,ec5ab5d5,training,16000,16000,1,1.0,32044,0.0004209618200547993,unknown candidate
four/918a2473_nohash_3.wav,four,918a2473,training,16000,16000,1,1.0,32044,0.06481170654296875,unknown candidate
off/951cac20_nohash_0.wav,off,951cac20,training,16000,16000,1,1.0,32044,0.06792587041854858,target command
two/7192fddc_nohash_2.wav,two,7192fddc,testing,13654,16000,1,0.853375,27352,0.07612902671098709,unknown candidate
dog/66276b0e_nohash_1.wav,dog,66276b0e,training,15019,16000,1,0.9386875,30082,0.16145965456962585,unknown candidate
one/ea9f8e11_nohash_0.wav,one,ea9f8e11,training,16000,16000,1,1.0,32044,0.11879117786884308,unknown candidate
nine/75915c90_nohash_0.wav,nine,75915c90,training,16000,16000,1,1.0,32044,0.01081657875329256,unknown candidate
go/4fd4d073_nohash_0.wav,go,4fd4d073,training,16000,16000,1,1.0,32044,0.042962197214365005,target command
bed/4def68db_nohash_0.wav,bed,4def68db,training,16000,16000,1,1.0,32044,0.0957106351852417,unknown candidate
go/97f4c236_nohash_1.wav,go,97f4c236,testing,16000,16000,1,1.0,32044,0.1355501413345337,target command
six/8523766b_nohash_1.wav,six,8523766b,validation,16000,16000,1,1.0,32044,0.029380440711975098,unknown candidate
bed/d6360b32_nohash_0.wav,bed,d6360b32,training,16000,16000,1,1.0,32044,0.03792979568243027,unknown candidate
zero/51055bda_nohash_4.wav,zero,51055bda,training,16000,16000,1,1.0,32044,0.10298819839954376,unknown candidate
house/962f27eb_nohash_1.wav,house,962f27eb,validation,15019,16000,1,0.9386875,30082,0.005350557155907154,unknown candidate
eight/6071a214_nohash_0.wav,eight,6071a214,validation,16000,16000,1,1.0,32044,0.024367177858948708,unknown candidate
bird/c5e3817f_nohash_1.wav,bird,c5e3817f,validation,16000,16000,1,1.0,32044,0.029432913288474083,unknown candidate
marvin/e0a7c5a0_nohash_0.wav,marvin,e0a7c5a0,training,16000,16000,1,1.0,32044,0.02137119136750698,unknown candidate
stop/7d149b38_nohash_0.wav,stop,7d149b38,training,12971,16000,1,0.8106875,25986,0.05874917283654213,target command
seven/ced835d3_nohash_2.wav,seven,ced835d3,training,16000,16000,1,1.0,32044,0.00029183647711761296,unknown candidate
marvin/589bce2c_nohash_0.wav,marvin,589bce2c,training,16000,16000,1,1.0,32044,0.025469258427619934,unknown candidate
happy/f104f742_nohash_0.wav,happy,f104f742,training,16000,16000,1,1.0,32044,0.03869292512536049,unknown candidate
up/c3538de1_nohash_0.wav,up,c3538de1,training,16000,16000,1,1.0,32044,0.009873667731881142,target command
four/1b4c9b89_nohash_3.wav,four,1b4c9b89,testing,16000,16000,1,1.0,32044,0.1278829574584961,unknown candidate
four/1e412fac_nohash_0.wav,four,1e412fac,training,16000,16000,1,1.0,32044,0.06542348861694336,unknown candidate
six/bca56796_nohash_0.wav,six,bca56796,validation,16000,16000,1,1.0,32044,0.007768265437334776,unknown candidate
one/e4200516_nohash_0.wav,one,e4200516,training,11889,16000,1,0.7430625,23822,0.07102424651384354,unknown candidate
house/cb802c63_nohash_1.wav,house,cb802c63,training,16000,16000,1,1.0,32044,0.02660020813345909,unknown candidate
marvin/122c5aa7_nohash_0.wav,marvin,122c5aa7,training,16000,16000,1,1.0,32044,0.03234108164906502,unknown candidate
up/7081436f_nohash_0.wav,up,7081436f,training,16000,16000,1,1.0,32044,0.023190641775727272,target command
off/41474817_nohash_0.wav,off,41474817,training,16000,16000,1,1.0,32044,0.026619328185915947,target command
cat/37b03ab1_nohash_0.wav,cat,37b03ab1,training,16000,16000,1,1.0,32044,0.05386414751410484,unknown candidate
go/61e50f62_nohash_0.wav,go,61e50f62,training,16000,16000,1,1.0,32044,0.10655122995376587,target command
down/a243fcc2_nohash_0.wav,down,a243fcc2,training,16000,16000,1,1.0,32044,0.08763525635004044,target command
stop/cb8f8307_nohash_0.wav,stop,cb8f8307,training,16000,16000,1,1.0,32044,0.08616598695516586,target command
sheila/4249c833_nohash_0.wav,sheila,4249c833,training,16000,16000,1,1.0,32044,0.04561129957437515,unknown candidate
eight/dca2797e_nohash_4.wav,eight,dca2797e,validation,16000,16000,1,1.0,32044,0.014968614093959332,unknown candidate
left/ac7840d8_nohash_0.wav,left,ac7840d8,training,16000,16000,1,1.0,32044,0.024143652990460396,target command
wow/cd911ace_nohash_0.wav,wow,cd911ace,training,16000,16000,1,1.0,32044,0.05181964114308357,unknown candidate
nine/6ceeb9aa_nohash_1.wav,nine,6ceeb9aa,training,16000,16000,1,1.0,32044,0.09244758635759354,unknown candidate
down/ab3f0c1b_nohash_0.wav,down,ab3f0c1b,training,16000,16000,1,1.0,32044,0.0480443611741066,target command
right/627c0bec_nohash_0.wav,right,627c0bec,training,16000,16000,1,1.0,32044,0.03090202994644642,target command
down/96c67073_nohash_0.wav,down,96c67073,validation,16000,16000,1,1.0,32044,0.047649744898080826,target command
cat/3ed3e49a_nohash_0.wav,cat,3ed3e49a,training,16000,16000,1,1.0,32044,0.04789028316736221,unknown candidate
off/c1d39ce8_nohash_4.wav,off,c1d39ce8,training,16000,16000,1,1.0,32044,0.2091606706380844,target command
zero/f88f97a7_nohash_1.wav,zero,f88f97a7,training,16000,16000,1,1.0,32044,0.0392586924135685,unknown candidate
off/e1469561_nohash_1.wav,off,e1469561,testing,16000,16000,1,1.0,32044,0.12698876857757568,target command
seven/b9515bf3_nohash_2.wav,seven,b9515bf3,training,16000,16000,1,1.0,32044,0.026649219915270805,unknown candidate
marvin/da1d320c_nohash_0.wav,marvin,da1d320c,training,16000,16000,1,1.0,32044,0.07009005546569824,unknown candidate
seven/19e246ad_nohash_2.wav,seven,19e246ad,training,16000,16000,1,1.0,32044,0.03639819473028183,unknown candidate
six/26b28ea7_nohash_0.wav,six,26b28ea7,testing,16000,16000,1,1.0,32044,0.01554103009402752,unknown candidate
off/b83c1acf_nohash_4.wav,off,b83c1acf,testing,16000,16000,1,1.0,32044,0.06269137561321259,target command
no/8830e17f_nohash_4.wav,no,8830e17f,training,16000,16000,1,1.0,32044,0.04264775291085243,target command
three/8523766b_nohash_0.wav,three,8523766b,validation,16000,16000,1,1.0,32044,0.024959202855825424,unknown candidate
happy/8c7b691a_nohash_0.wav,happy,8c7b691a,training,12971,16000,1,0.8106875,25986,0.040691569447517395,unknown candidate
two/e7ea8b76_nohash_2.wav,two,e7ea8b76,training,16000,16000,1,1.0,32044,0.018392514437437057,unknown candidate
right/97f4c236_nohash_3.wav,right,97f4c236,testing,16000,16000,1,1.0,32044,0.17103004455566406,target command
bird/11099149_nohash_0.wav,bird,11099149,training,16000,16000,1,1.0,32044,0.04249102249741554,unknown candidate
seven/408de0a4_nohash_1.wav,seven,408de0a4,training,16000,16000,1,1.0,32044,0.07347462326288223,unknown candidate
zero/ab353673_nohash_0.wav,zero,ab353673,training,16000,16000,1,1.0,32044,0.12237567454576492,unknown candidate
left/f104f742_nohash_0.wav,left,f104f742,training,16000,16000,1,1.0,32044,0.022758930921554565,target command
up/caf9fceb_nohash_1.wav,up,caf9fceb,testing,16000,16000,1,1.0,32044,0.0835706889629364,target command
house/39dce8cc_nohash_0.wav,house,39dce8cc,training,11889,16000,1,0.7430625,23822,0.1589544266462326,unknown candidate
up/adebe223_nohash_0.wav,up,adebe223,testing,16000,16000,1,1.0,32044,0.05410932004451752,target command
zero/9aa21fa9_nohash_0.wav,zero,9aa21fa9,training,16000,16000,1,1.0,32044,0.10820948332548141,unknown candidate
dog/6f9088d7_nohash_0.wav,dog,6f9088d7,training,16000,16000,1,1.0,32044,0.07988650351762772,unknown candidate
yes/c099668c_nohash_1.wav,yes,c099668c,validation,16000,16000,1,1.0,32044,0.10168913006782532,target command
yes/9ff2d2f4_nohash_2.wav,yes,9ff2d2f4,training,16000,16000,1,1.0,32044,0.020279545336961746,target command
cat/e9901cf0_nohash_0.wav,cat,e9901cf0,testing,16000,16000,1,1.0,32044,0.019449274986982346,unknown candidate
nine/48a9f771_nohash_0.wav,nine,48a9f771,training,16000,16000,1,1.0,32044,0.08302966505289078,unknown candidate
eight/b5552931_nohash_4.wav,eight,b5552931,training,16000,16000,1,1.0,32044,0.04046447202563286,unknown candidate
tree/b8b8cb52_nohash_0.wav,tree,b8b8cb52,training,16000,16000,1,1.0,32044,0.007669892627745867,unknown candidate
right/b737ee80_nohash_1.wav,right,b737ee80,testing,13654,16000,1,0.853375,27352,0.031366657465696335,target command
on/106a6183_nohash_3.wav,on,106a6183,training,16000,16000,1,1.0,32044,0.07295290380716324,target command
three/b9cccd01_nohash_1.wav,three,b9cccd01,training,16000,16000,1,1.0,32044,0.0702943354845047,unknown candidate
zero/0bde966a_nohash_1.wav,zero,0bde966a,training,16000,16000,1,1.0,32044,0.01823032833635807,unknown candidate
stop/f44f440f_nohash_1.wav,stop,f44f440f,training,16000,16000,1,1.0,32044,0.09505624324083328,target command
dog/de4f7798_nohash_0.wav,dog,de4f7798,training,16000,16000,1,1.0,32044,0.10945478826761246,unknown candidate
stop/f875f965_nohash_0.wav,stop,f875f965,training,16000,16000,1,1.0,32044,0.011906771920621395,target command
off/9aa21fa9_nohash_4.wav,off,9aa21fa9,training,16000,16000,1,1.0,32044,0.13249891996383667,target command
tree/2296b1af_nohash_0.wav,tree,2296b1af,validation,16000,16000,1,1.0,32044,0.03390379995107651,unknown candidate
yes/dca2797e_nohash_1.wav,yes,dca2797e,validation,16000,16000,1,1.0,32044,0.015737611800432205,target command
stop/7d5f87c8_nohash_0.wav,stop,7d5f87c8,training,16000,16000,1,1.0,32044,0.04890766367316246,target command
down/c120e80e_nohash_8.wav,down,c120e80e,training,16000,16000,1,1.0,32044,0.08978892862796783,target command
eight/cd7f8c1b_nohash_4.wav,eight,cd7f8c1b,training,16000,16000,1,1.0,32044,0.061836935579776764,unknown candidate
on/7e783e3f_nohash_2.wav,on,7e783e3f,training,16000,16000,1,1.0,32044,0.019072996452450752,target command
five/8f4c551f_nohash_3.wav,five,8f4c551f,training,16000,16000,1,1.0,32044,0.11724718660116196,unknown candidate
cat/83c9e7e6_nohash_0.wav,cat,83c9e7e6,training,16000,16000,1,1.0,32044,0.06830587238073349,unknown candidate
go/e7ea8b76_nohash_0.wav,go,e7ea8b76,training,16000,16000,1,1.0,32044,0.022893734276294708,target command
on/7c9b43f0_nohash_0.wav,on,7c9b43f0,training,16000,16000,1,1.0,32044,0.054361745715141296,target command
yes/b72e58c9_nohash_0.wav,yes,b72e58c9,training,16000,16000,1,1.0,32044,0.015458186157047749,target command
no/b1426003_nohash_1.wav,no,b1426003,validation,16000,16000,1,1.0,32044,0.009844301268458366,target command
bird/c22d3f18_nohash_0.wav,bird,c22d3f18,testing,16000,16000,1,1.0,32044,0.08826669305562973,unknown candidate
stop/07ad9b59_nohash_0.wav,stop,07ad9b59,training,16000,16000,1,1.0,32044,0.04837770760059357,target command
cat/1e4064b8_nohash_0.wav,cat,1e4064b8,training,14861,16000,1,0.9288125,29766,0.0824078917503357,unknown candidate
five/c5c60d8d_nohash_0.wav,five,c5c60d8d,training,16000,16000,1,1.0,32044,0.026130514219403267,unknown candidate
four/8b39e36f_nohash_0.wav,four,8b39e36f,training,16000,16000,1,1.0,32044,0.004337073303759098,unknown candidate
four/bab36420_nohash_0.wav,four,bab36420,training,16000,16000,1,1.0,32044,0.09682894498109818,unknown candidate
two/f3210686_nohash_1.wav,two,f3210686,training,16000,16000,1,1.0,32044,0.0082136495038867,unknown candidate
down/1cc80e39_nohash_0.wav,down,1cc80e39,training,12632,16000,1,0.7895,25308,0.05069752037525177,target command
on/1093c8e7_nohash_0.wav,on,1093c8e7,testing,16000,16000,1,1.0,32044,0.10127022862434387,target command
no/29fb33da_nohash_0.wav,no,29fb33da,training,16000,16000,1,1.0,32044,0.13128596544265747,target command
